6a387197-254b-48eb-bb7a-02b72aaed7df,e8cd2780-20af-4f88-86df-b5aa908b55f7
c3484d78-d4ea-44c6-baed-77c105b3b858,a7eecccc-b72c-4bc0-ba2b-c55b69f980e8
3dd73f11-c64d-45ce-a69c-22d3f8fa3b1d,336b9890-a67e-422c-b9eb-cda5a199c511
cb0350f0-218b-4062-aed0-77b6a4f64068,15103a8a-17ec-41cb-a19c-19f0e2d20712
add29b0c-07be-4251-a416-594afebc69c6,b21fe5bf-51ee-48b0-bddf-8780a23e30ab
240f1162-c4a3-4b5e-a8e8-e023efd78559,ca9c6697-0f7d-423a-8c5f-a1c0c95d5bef
eb658a5b-5274-4186-962f-2cbf0bc7e689,c0a846fe-e68c-4d2a-9a83-a923a40b3a29
87ce53bc-cf06-4953-ae0b-f4567b764c6a,435581bb-49a1-4dc4-83d0-f4f7920f75a9
6520cc9c-edc0-46a9-92da-d0abe54efff3,36200050-99b3-4307-a6cf-07c1af9c1391
e9e72800-40f9-47ab-9a0f-e8b86df5b410,813ddc88-f83d-44e3-b5da-508534f56509
12333ffb-7f96-46df-8f02-ae7761827499,b7ce8d8b-23d3-47dd-908f-40ded07a37dd
9c61c0d8-7116-498b-a20b-74b2d66c91b6,dca045f6-f823-42b2-8775-983833bf9ff5
b2fcc3e1-ce1f-496f-90ee-b1a083f63e01,4fa1783c-23cd-4245-8b7b-b8da0537465a
9fd78f11-abd6-4f80-9d7e-24151fba5195,099bd2c9-07c3-418c-a864-6b87fe542b86
bd75934f-5b92-4dec-a1a7-e86d61eba054,78781b4d-95ff-4d11-bd59-e080a6df9f9b
f8da5bd1-60d3-4754-956c-593bd51602b8,407725d3-10cc-4a4c-9db9-1cab56b505e7
6ec8a2f7-d1c6-4a91-bd38-ccdfbc359ddf,a0608108-5649-46e0-8085-9ab1a72d95cd
1d674a86-2262-4516-bc51-b9f6567da4b4,bc1f8b60-2445-4141-b5e3-3fa0b8a0a274
a28009e7-4361-4cbf-8e44-cd71336782af,73240b8a-b81b-49e3-a5c2-20b80ea0931f
3392084e-c409-459f-ba22-a1232eadf0ad,e4b6302f-f728-406d-a412-a550141f6bc4
f9f82b2d-94fd-404e-a852-01a1c8c3ab45,c8ee52bc-3bdd-4ce8-8c29-a48d99b90c8d
06f17c3b-f38b-4cae-bf55-a53bf73fe36d,95de598a-d40a-4111-a027-00d4f57e0f43
2ba9c4d2-37c7-485c-a925-02c33b34ed9f,0a1b96f1-24a8-4607-8ee4-bec19f50e00a
417a8994-b443-4005-95f9-c687fbe0ba6b,a0226d79-7ae2-4e74-b89a-9a069ab7bf0d
bf2125c1-e13a-4184-bed5-83ea9ce849eb,cf5e6ba6-dc77-4f55-bdc2-922b26134e14
ec6028a8-1aa1-4cc9-abfd-be7124fe94b2,6ebfd48c-275c-4f49-82ef-f1ccf7fd7096
4efbeed8-5bb5-4568-94b9-7ca1fe45c083,816d610d-7c55-45ae-9fa2-1a6193ef0356
e8b247d5-fe96-479d-b0e9-e0a4f951ed38,fb2a051d-6037-49df-8596-18c46d0d1be2
0159d5e4-2488-4737-90a1-1180c636ac1b,d129a55d-e6ec-4e8c-84b3-6dbaaf236c52
a9e45859-261a-40d2-a8e2-208a6d53b039,e4474416-8eb4-4b28-90eb-de8e9b4b944e
1f86ae2a-5722-4c5d-b88f-187805da67f0,b19012c8-ba97-4f2f-94af-bf9034b91037
9956b788-1b56-42e4-93da-d2e72baed47f,13085f69-f6f5-440d-9e03-dbea8be47028
a65533e8-6793-4a29-acf2-6e85c01cdbdc,c5cea5d0-e29c-412c-979b-a7c7f9bced3d
2543a1ba-be78-4b9b-883b-19004330be4f,9d0d0280-9d33-46ba-9b5e-f7f14eec8546
55f98bd1-b3a3-48ba-9f65-74739addd743,1657e432-96d9-4415-a7b7-06c5474f9836
cfda35cd-1fcf-444c-ac8e-8d32dc52a6fc,0ecdca66-9009-4123-b365-84ebfeceb6f3
dab013f3-4e14-4631-97f2-367841a72f9f,482eacc5-ccff-49ae-abea-0768dfa54411
321d4a2b-764f-495e-bb99-9b58fbcfd4d3,e59d7f87-66a1-4c92-9dc1-86ab5ba6e828
922a0d0a-329d-47f9-b0a5-98cf47299cbf,bfff2890-5b49-46c9-a09d-6ccda10d2ea2
3998e021-5e54-4a67-8fc3-c7b8cadd60d0,9d88e887-b62b-47f4-9061-c0224f748f92
9b5db4a8-ec59-4e01-aed6-f31467dd9a8c,0c8309ff-d9bd-4738-87fa-0ffc05ce80c6
51695ae6-3bcb-47d4-99dd-64870ca4b3e9,1ee45b18-3707-41ba-b4e2-f0261373d9bf
3e5dbb97-4951-46ba-9c9a-6086be092407,627fd035-3d68-4076-9a86-eea27ffbd803
02a4aaa7-546f-44b8-bfb2-1a70413e64a6,c8b4f7e0-f46a-4c90-9d07-098f437231ad
a27fb5ca-82b3-4a84-8f6b-aa87c65d18ad,3eecada8-0b4d-491e-91b2-183ba97f8c8b
4411e735-d14e-4d55-aefb-a2c9784307e1,929fe41f-7b87-445a-8a76-e50850a0341a
818061bf-3fe7-40ce-a81b-a78e0a41527d,b9e93425-9327-41f0-863a-7efadb04fd64
f4d076d6-e63e-4f49-bc33-273a8db5e766,ca3a9d52-01a2-499d-88f5-6c77a5b3ad5b
92c5eeb4-6131-4552-b969-ca56bc40d257,1fab6fc7-c247-4da0-a257-c13499ac438b
38c8958b-c8c4-493a-a127-092ac91e85da,6743c3f3-72e9-4f7e-aff9-b42e7c98a356
0c9a4035-4506-4650-90a6-45c55625ab0a,5df9b0ee-9611-452a-894e-ea5a0fe5dc74
5c49f1b7-bfa0-4158-9ade-a69afa879f33,6ed542d2-1cde-4b01-abb4-53c6c15da789
5e8947c0-b84d-4005-8d60-cc40bc230aba,517bb8d1-b10c-4c48-b9d4-29c53bd644b5
cfbb3b1d-77db-4e76-8f13-ee8194bab899,6ace47e7-b5b2-4733-ac20-c2ea25b986e1
39ed9315-b998-4a3b-80d4-aef8e400633e,007d9834-ad93-4aa4-b330-0a5aeec8cd7d
d1306bc6-b4ab-4167-b9e1-3a16a9f37763,88a3bd71-4f41-4d92-b34a-6d4e33b294cf
7127154c-a427-4acf-aa0c-fda43e64159c,301f6783-3afa-4de3-8f41-60f731ac40dc
2786c02b-31e0-415b-9a06-a358451b1dd9,6f6df77a-38f6-4cb2-95b0-538df14a667a
2b88e5bc-3323-429a-8807-92f426242d0b,53b798bb-0b39-45b1-bc34-f58a97f4490c
235996d0-6e98-48c4-9fb2-23170981d31d,e12696ed-275a-4729-bd54-d9736f1d505d
5ea93f14-23c2-4af4-a343-7338e0755fb8,1529b13a-8654-4c19-8410-356e82fcce56
a533f843-d713-47ce-bdc1-d8f024f72900,628634b2-826f-42b2-9565-1be72402dfcf
929ce78b-3d80-4dc1-8343-472ea5233ed3,eeccfdc0-19cc-4018-8f32-181c300768a6
478c8f71-831a-4add-b662-3276be1887e7,1de1a12d-3bbb-44d6-a9f2-642c5b2cf564
0c393e12-d0b4-404d-8681-dfbbe86e1e46,732218f2-eea0-4137-9e1c-a41da24dfc3f
37d3a5ad-5378-49f5-9021-a1b4778229f7,d49f8022-68f2-4fce-aaa5-d8ef1a615a4d
7ba72587-e7aa-488c-aaf1-d8805f9760d7,e8cd0272-b340-49cf-98f2-9ac2f0d13d0d
36e7bc1b-16ea-4180-9c9d-92ac71ef7028,fd9875ad-f8c8-476f-9644-bd7877a433da
e550a4ce-4d5d-4a37-8537-9d371251ca0e,3aaa498f-700c-4f60-9fe5-2f9d000ed67c
8b66b9da-8252-4e93-bd19-aab46373bc8d,479ef0d1-267d-4e10-a1bb-361fc54e8952
70391910-e851-4182-a70c-550a2bdac3f5,509f1718-a1ac-4ff1-b7d2-503e984348b4
4e76462a-0651-4575-a38a-b58f1c0ff6de,357c90ef-4ba0-4237-86f3-3f5bc0e0ac81
9bf91dfe-f683-4a95-960b-8bd7ed1791cf,47a3df39-77c1-4ab8-80e2-390ea8d22b8d
8ee2b99e-fee8-4140-bce1-9178501f1b78,ea4f9a49-a832-46f3-8a0a-361f7d267ad5
26831e50-c01e-4d56-9d88-283841d07b67,2a84b7c7-7ecf-4f73-ab3a-ff2e32e9ff38
db3c1cb6-2f74-446d-98f1-75cb0198083b,d91b7155-867d-4a43-b858-1da79e4567d1
64ea1d12-bd6c-4f77-816c-c0413427ff15,24f1e1fd-d959-425c-944d-611f62dad05f
0ec315b8-2947-4e14-a098-42704cd7dbb7,79dba10d-5e12-4249-aa85-d190031e09f6
ee0ea924-f494-4fea-9106-108767a2d579,48c3b3fb-59cf-4535-a407-3e9dc4a4d0f5
18b7b29b-c403-467f-869b-a32afde9c822,0e5c5e95-4602-4933-8ad0-0ddc178f2523
0d22032d-0658-4404-a470-7c9b678d6db0,ee293784-31c6-4de1-82c8-6a4ab8c1147e
0836cc5d-f7ab-4bce-b90e-c859b528da66,285344c3-262d-43cd-a72c-63b6e2784627
5682595d-c2bd-4a73-878c-2001f2fe227d,5a25f20b-31ce-4635-97dc-131ca4b73284
1bbf43ca-2eb8-473f-a2b3-02741d2ed11d,4f25004f-4a8f-4c66-a463-19eeb9765d04
29fd6918-21da-4304-ab4b-65cbf9c54488,ea93047f-627b-4c82-a61f-a0bcdc31c608
25432ced-58e5-42db-85fc-4588aeb9cea7,5b6c218e-07ee-4f27-b0c8-3df797a3d9ae
f293d742-f404-4ae5-8ee5-52e29838fe56,16886f60-1677-4bfa-8d3b-75b194173380
2d50815e-a593-4d6b-a789-1fb8f9b85ac9,8803e12b-8d0f-47d3-9b76-b01f05b03b75
f0502413-abba-49e3-b418-44b88da6e7fe,2e093643-b4e7-445f-bfd5-f84a9b04be8f
031db498-f67c-49fa-bf00-1b81262a7051,2fc9ea30-54bd-4aa2-bfd2-2db35de1b7c9
dc2e18f7-0f0a-4939-9a6c-a12c9d792d7a,cd7844eb-39e1-4af1-a1e0-93d23c01e3c9
b4a896f7-2aa1-44c0-9f33-159a19316c88,bff26393-ad60-4fb9-8dc6-ae530de93fcb
089ba95b-9a0e-4517-b52e-5eebeac358b2,bd7fc265-b912-4cc2-8d75-e6091f56a2a3
6f739425-77e2-4587-8e84-2cbcdff38798,ca8e8c05-3b6f-4e98-b8ef-eaddb952f493
e99bff24-7aea-409d-b191-cef35aa3fe21,c956a2f7-e9d8-421f-a7c9-f43ad7c9e345
27d91563-ba26-432f-93d0-7808151298ed,c64849d5-d587-4c2c-aa76-3b3948baecb8
23dc4d05-d0d3-4ca6-9680-529e2991a355,cf9104f4-f71c-4225-b2e5-dcc2b9099e91
c63b9da6-8a2f-44bd-b271-3b52889832ae,ce9c2bb9-5bd3-4f0e-87c2-cd5f8dd2fa9f
00b6e03f-66bd-49ce-8278-209d186e725c,cedafd57-1705-4012-badc-fd6d5394d1f1
a0bf9208-4683-4610-8e04-31a445c52113,d57a430a-ddf2-4f44-bfd5-0fcbc2890906
5c08b4e7-9c16-48b8-8801-16d3701ee609,40a3943e-0745-4488-a5a0-a81cdc4592cb
e3603d9e-0652-42ce-897f-c775c3180f39,42c87eb9-15a4-4b1a-8117-dac6546efb7e
975d1dc5-ef7a-48aa-b291-43aaf0139fb7,3f9c256a-2ba5-46ba-aeab-ef6edbada0e8
af75b8d6-de45-45c7-a362-cb3a34f0a407,d847c29f-18ce-4d82-9b90-b4306996a759
52ef4b75-633d-4e40-925a-c984751314bc,db676257-fe5d-4adc-a36c-46babf8184f6
b88b8a05-5bd5-457a-8f77-a93af47e381b,d8c9df90-a377-48ab-9a90-06029efed623
a28800c1-381c-4ded-8b0d-495ccbb9fb03,df68351c-1d3c-4892-ba78-129103d556c4
3718c731-ff75-405c-8028-8d5c9150b1a5,7da1e0ef-68f3-4f50-bfae-2d8253355b6f
d4aa1032-e1b9-48e2-9b3c-af6988924a33,6aff20e9-2a6b-4213-a782-f75d125b7eba
2d5957f7-a299-4b49-b130-4a4f1a7cb246,60707a3e-9884-435e-8a32-4a8b57dbc2fa
8080618f-4388-40e3-8605-b19b4c6683a8,58e4516f-0dc1-423f-82ff-e2827c8002d7
f6e14170-81d4-4745-ab40-5af0a57690fb,8675ec12-a5e7-40ae-a8dc-6bdde1507693
6c627b55-e319-49f5-9206-ed3a63f04846,85ce7774-20b1-4da9-a05d-bb6e8bae6610
f11fc53e-ea28-490a-86d2-06c88a74323b,51c4988f-29f7-4803-98a6-c62a7bbd16a4
7bc37cdb-e886-4b4c-abe9-bec6d3228cdc,554fe3ee-c794-4674-80b8-20cf8c6b157f
656e6604-1647-490d-b0f6-2fb15d643d95,6d6cf059-9c68-49e5-babf-e6dca3891685
1c159164-25ed-4835-9718-a4e0f0e2f097,7054315b-337b-47e2-b46b-1a496e495248
0c39d710-1708-458a-bc3f-ced721c359f3,851a88cd-4a78-4141-af09-06ce6c22adc5
ba324489-f83e-4a04-bc7b-4b9b7e28ab9f,996702db-00b0-48fb-a75c-59a0a1dac7dc
640b650d-4a5e-4e69-bcab-032c7a382317,93320b82-e00a-49d2-afa1-96e906ba6bed
3681f700-ec2c-4f37-8a7d-73eac1bc09e4,756159d1-81b3-4907-b608-2510869fc8a5
2f9ca310-826b-4a97-8a7e-0c0ad37d19b2,7300da35-d022-4891-be77-ddc8484382b7
df454257-d7fa-496b-af37-02f9ffd2b21d,722f8c91-c140-47a4-8e1f-89f14a01d350
7c9ebfb5-f483-4d02-8091-ae7b1cf58eda,92038939-db9e-4d00-9e20-71b425248806
dc428fa4-7a39-4167-8dea-81755850d41b,76da05a1-0780-4827-aabd-5c54393e2302
da0578c7-e864-4240-994a-5d329f3c7661,50c55955-c20b-46ae-bc1a-e08b31e30d35
6a5302bf-c9b6-4b5c-9fff-0293db55cb6f,74f08eba-0e84-4d0f-b3a9-eb2a25412e2c
6f6cd8f0-f7ae-43f4-ac00-2cf7c838a65f,81829055-66b9-44ad-a9f6-30f3f6a8446d
fe0eafda-e3a5-4ae0-a9d9-3385f83c6f5f,bf08a11a-665d-4925-a390-bbda1830b0be
56172eea-18b4-4039-ba48-d1545c4eb79c,4efcd4d8-fa61-445d-b023-aea8526aeb32
8f4a10b7-a8a2-44ff-b6f9-bc2e13696c3b,4ce5f00d-2890-4de6-a7fb-fc2bfbf9f317
a50a8842-b1c8-4196-bb89-a68916560a80,4fc2e06b-da4d-49cf-b2e1-1e05bdd0da44
a01a0da6-5476-48a8-ae0d-04d109f6d6a6,4a5b9fd1-d2a3-40ac-9aad-8cc18748d358
9fda4848-e793-4a18-885d-ec1498e450ce,4fe1b853-a341-468d-a4a3-8bd000fc039c
3372cc14-e5fd-4099-9922-ddf78951e63f,45b5ecba-f6dc-47f5-95fa-5de729beb5c9
a8ea1604-21ff-4557-958f-5315dec97ced,438b0f15-f61a-4717-aaf2-e9b08b1931fc
036d4138-6360-47af-b55e-216a1e08f9f6,9a291794-945e-4f68-9721-e598ab8e2bec
05ea27e9-57d0-42a9-b2a3-1809dd10d251,fdaae346-a1bc-43cf-9301-74562164a11f
997a3422-a2c7-48e6-ab6f-58b2ea85fad7,eb153798-dc41-4322-99d8-8705ad93292d
1c9c5858-68dd-47f1-a2bc-bd873aad1582,f682125b-a6ac-43da-bd8b-cdbbd1e0cfb1
7aaf125d-14a7-4c90-ac6e-47ee977b3621,efea9326-c373-4f65-b811-d151bc8cff25
25250f01-2084-47f8-8ae6-ad44e764665b,f6ec5808-e933-4991-9cdf-f9669234a777
b935c0bb-3f2c-495e-bdf1-6dff2a30f50a,fedaf55d-38d3-4f52-8e30-164652cbd234
e5457faa-7037-47c8-ae4b-4392519276e0,e5b7c3d4-2aff-499d-8400-c9b0f3645e30
d618f67a-d548-4a5f-9f01-e05453fa0650,f798b1c5-f4ab-4431-9de7-04c1660f666b
958470a3-f858-4643-a3a4-7fc38e2502f0,ee1d7c01-cd87-44f7-875e-ff75c9b359ab
ddb76849-d5ad-4300-ae42-e0c13e3a5a65,ec88fd6b-9313-4b11-b2ce-68a2b5a91084
4eb78b9f-1a01-4658-a63d-c7d8471406bb,09806cdf-dfe4-47be-9e7a-d4beab0ffc82
cb0cc0a5-664b-43a0-9566-c8db87c1a9bf,2a8ed768-a9ff-4622-bc7f-128ef835fa4e
994c72bf-996b-45d8-9a62-a8051a8ffe4f,366b9edb-b48e-404c-9fab-7f41c278516c
ec317679-ec36-4b7b-80b7-b5e78f4c7076,2fc235b4-fab9-4046-9e73-569ced2af4b7
38640c9f-65f7-4c45-a6b7-daee4f99ed9d,345f7a81-3cda-4967-be41-79e2071a16bd
6a4786c4-63b6-4bd6-8962-319a3e0cbf4b,09d4bb90-af9c-4368-b4c6-0f65f5008cb3
1fb3836a-5d0a-4e5b-9236-43bd48887804,2b45dee1-1cae-4029-99bc-ed4adc4146de
89e45b79-9d09-428f-bb9e-9c13fbee48f0,224d13ee-c35c-4648-ab25-ed78c36e6bb5
8988f33a-1f7b-4968-9e9a-35d6aa0aaaa7,2925cc27-6cbd-4d14-9737-3eff8b526ae4
7c59c0e4-a9af-42dd-978e-5dafa64da3b5,29b4786d-dc27-46c6-a08f-757a5b360e58
5ebdd5fa-2754-4a76-8693-7e6cc60235fd,06eec8b7-512e-4c82-950d-95712d0f3519
26def120-a92d-40c2-8078-92d2862eb093,06b0a173-eb5f-4454-ae15-139495a51da5
ecd3550b-4c77-4e38-93ae-a76a6f1b55fe,036d01c2-0bec-4e0c-9ea0-b811463430ed
1c159495-8320-44f4-8529-a1ae415e22b3,02b5abca-d5ef-4fcd-bf7a-064b579a0fdd
122e7729-732b-4118-95c8-441e0170bb4b,0413806a-6428-48c1-b72f-ce3df8fbd57d
3d88104e-cef3-4dbf-99fc-72df5943484e,072c9f34-6101-4cb2-8202-5c00631e9325
7d861546-f37e-4542-83cb-9ee38d49f06b,05f991a6-1dbb-49d2-ad2a-e25be0d4ba00
c0a06f7e-1a11-4545-b9ab-1fbf24158057,0d987515-3108-44e9-92a4-03974fbf2640
597339d1-e624-42fc-9123-2df3c715c3f0,021aa96e-3a1f-415e-ac6d-995f3e90d836
e219fba0-773f-44d2-8b59-b52b059be63f,13a92eac-2aef-453f-80f4-76bc944d4f3a
80254ee3-7bb6-45e8-af1e-e7a0a010c0d6,0c7e6c0e-c6d7-4c21-b45c-32002c3d99f7
02f95702-3800-4ef8-85fc-ca85b3ee6a7b,0b5c07fb-666e-4e72-96a6-00ed5a53e488
5e92e1b2-f3dd-4f80-ac65-24d124743dee,bc4ed0c0-298c-4a78-9043-7114c1713221
872be2f1-12de-4c20-9ac0-ca6d400252a8,a3dd30cd-80ef-43f4-9225-ccae7352bf0c
7cd15aed-ea3b-40af-a312-d0dbdc809ebd,8282d24e-b086-4fe5-a463-c39626281c12
e5e2886b-0588-4b7f-9b85-3b71ac460447,b890a951-b82f-41a2-82d0-7259e232520f
cc158b25-2067-4f0d-abfc-9a111cb343dc,9c9bb824-182e-409b-8fb6-051d537eccdd
31cb3a61-a87d-4ad1-80e1-030a08297c5a,9f29f54b-22ae-4d3c-a8ce-7259fd37a71c
052a9f48-9192-4b3d-a056-3d2c52e8fda2,a37e9dbc-779a-4977-913b-c85398e9e39c
3a821ae3-c2ec-4052-915b-ff1556f695f2,abf8b6c7-9158-4acd-b701-c35def351b26
631d462d-82de-4897-90f0-a2e079a99cc2,a620045f-75a0-4174-91ae-061e11238ef3
cfaf852b-50ac-45f1-8905-9a4308075437,b14e81bb-03fc-4a1b-b93c-481150ed01b7
eda166bd-e14c-4b38-8736-38ed6f41f060,a701d2ca-e419-4938-94a9-8e464558c3c3
03b301ff-b416-48a5-9090-1843c70c9089,a4e8d6e4-e92b-4a2d-9b09-df989b8d2d8e
23df500a-e857-4acf-a131-16d5983cbbcd,ab9ef8a1-9157-4981-adb2-42da0502f479
45c3134d-d745-4c66-a3a2-91096dfdd5ed,b18a1099-0d83-4770-83d3-66035798d099
9571a5a0-da20-41e0-a58a-f25ad54d9449,a5f128ca-0155-4bb3-a709-1bfe8cfce2da
946c6fa7-28dd-460f-b69e-45d8219a4b57,a8c33131-0a66-46f9-b38e-93091c503005
cd75f127-66cf-4b76-8af0-0621058c2734,a3c2eec4-5444-491d-858a-fa53474ac214
6cfd8e58-ee4d-408e-8424-cf4e04e0bd5a,b4e1a131-c727-4aeb-80dd-25c631b6f5aa
faa27d98-a28e-48c9-a895-8562102fc8d2,39465a1f-dc88-4d33-8101-7e45c6480c2d
c6fe9cc1-0273-4de3-8c35-6d7354f9a7d3,38533eb3-a7e3-4548-93bb-66ca2cf5884f
fa99b039-368a-4319-9296-3008f87bd8d9,e2009b8b-53e3-4e9f-8774-48e3323bf145
38ae09e6-c272-44d8-88c2-28ff7ad13c73,463e964c-d778-4d3e-8ef6-ed2227dc57e4
26e64f62-6bab-4f59-b193-15347ccab57b,3ccfebe5-88c1-459d-b364-5bb17e0464ff
8c94b0a2-93c8-43e8-b9d0-d04bac5d7f29,efa11c69-39f2-4895-895a-33cf5ab4d930
f783ccf2-273d-4ba2-a0ff-7848b2d88b36,c45e6839-7c20-4d9d-a76b-ec0d7894b1ad
bacf5eb7-2181-4a2c-ac3a-69e1c454917d,3048e283-3c16-4a50-831f-b1f4a0e87e3b
8704ddec-b453-4d98-ab4f-c569e6e67f64,050bc874-631c-4cf5-baaa-17ba81e47376
2828738c-e00c-49fc-af78-ae9ee4f2a15f,d5429a79-c1a6-4c65-b2ca-56809cb9ac07
a45d88b4-e2c0-493b-8226-87ac3ef7b4f6,8a19693e-faab-470c-a877-39815e4164e2
653e7ef8-0dc9-4bad-922a-ef1972356c2a,fdc76202-40eb-4383-8ecc-d352f5e3cdf5
ae9242a0-50f0-432d-bb02-480b251805f3,f6369228-4640-4475-929f-646077afa7aa
461fa2e1-3d6d-4233-9f23-1c729671f51f,aeec44f2-2597-4f6b-830a-2512a82a04d2
046e37b1-8a40-4093-aa8c-07cc46fd1fe7,010580f6-7cfb-42ed-adc8-80fce480869f
4c1f5f0e-c2b4-4b17-ae15-7590cd247d5f,9649877f-26a5-4490-b564-8e075cb271ca
bc3aa4d1-899a-432d-b579-c0f1a8018710,8ab4678f-f19d-4597-ab2a-3a29fe83b4e9
6c32300f-592c-45e1-887a-a56cfa92553b,58d00c57-668f-4d58-b787-7fce835f7c93
4be7e142-9bf1-42fb-8d8e-b0a09ad1a6d9,cc755dae-e09b-49f9-9de8-7a8d380f1e84
1b698b72-e974-4c77-984a-a2ec484e06cc,cfb1200d-7396-4090-9e2a-348b4c487d10
2f8ec53e-a799-4d50-8374-52c92ca7d1e4,8efbb912-eebf-46f9-9aee-a97c89417652
f76c6c6b-bc8a-4b65-a1bd-8b1f2393f7aa,0d32540a-371b-4b5b-bd44-11409fb2aaff
b5f45f29-e7b9-4eb1-a48c-1909aea7a523,00707a34-700c-4e01-b091-396378c234f6
8ed2df2b-c6df-4f1f-8b8b-86c49a2835f0,a9c94823-2100-42a5-9ce2-36fb392f15d4
56900e59-594e-483c-b612-9ba289585512,5e7b9ecc-417f-4155-87a3-9a8ff9d00d06
2ae5c959-135d-441e-b0a9-40ea94fcc24b,742262ac-43f7-4079-964b-1fd3b42ecf8c
ceb311e1-c882-411e-a555-89ff97baefa1,0d810527-d6c7-4754-93ec-15939df757d0
51e1afd9-b7c2-4273-95c0-0b6b869fa61d,db4af452-4277-4a50-8014-9986bdd4414b
a4237981-dd4c-49b8-bd88-81dd89a01269,7e4d62dc-9a2a-4317-87a9-fdbfcb88a23d
c88ef2b2-8af9-4243-b049-2091124eeaf1,57a0ae57-2247-402e-9a26-d5ee3868ccb6
2d3f0240-3e52-435e-a32c-0e4d2852f464,9bb5c2f5-9a0c-474e-be8f-796a7438bea9
f0a385de-2c37-4e95-80e2-c801b40f45ea,3c1ec664-a512-43f3-aee7-7703f408144e
26e22b87-7e4a-40fd-93b8-efce8bcfb815,7a7ad7b7-0161-4763-86fb-7c24922be7ff
1581b453-b180-489e-af99-a645b69407db,069cfe4e-bab5-472c-bcbf-80bdde8b7cea
07b8a86f-0e77-4968-9a34-d53d52bd461d,65674105-a760-449c-8028-ac65f101fbc2
3ecffa46-db9c-4b19-baa6-72cd00d57388,ee2340a9-97c2-412e-b8a2-811a91c081d9
21214702-a972-4739-bf8d-73adf0f7a615,15d91344-a5c0-4435-8cb8-b71cc86ba10a
edc605a2-3000-4e1d-8af3-30b061c8e3ba,0e4ec2cb-e69a-4d5a-a1a4-54c6bdfad9b2
88278e75-3461-42c6-a661-81c39d717863,f5d3dc0d-e075-4e58-b5d6-2993f17c4e20
c17a0f53-1c49-4814-b55a-9e9a9bbe9538,ea3192ea-f909-4f8e-89bf-b3c42344f049
82a9ed62-d302-4e5e-b796-43839f6a7f22,c8618e67-28bc-4bd4-886a-1a06a85d3de5
679a3217-b439-4dc4-8226-36a5554f5835,59a3ac7f-764e-4833-8a9e-0e9ab522e626
f8f31725-c8cc-4e23-af1e-5436b1845037,f61700b0-4950-4600-a7e0-82103de7c2c9
ecfdf23b-da43-4f62-944a-197496657915,40ec46c7-fb5b-49e6-beab-79b2601375a6
b7c99707-e97b-4f38-9868-6ce85de96dda,8b6687f8-d586-4d6a-a56c-2bec9fcc90b7
8fbf8ed2-6762-4d35-a552-24f8f039a4c2,d8857966-da20-4b2a-aa3b-9552b504462a
3ec78543-20af-4f02-81e1-c462b0a02c1b,d111ae37-7487-4fe8-92ec-9f98bca28d67
e76a333d-f030-4d17-8895-f110aba57a24,98b2562d-4b84-497e-b410-5b7916e118e2
505bb0c7-deaa-4005-b112-bb4931e982ca,562740e2-91ce-401c-b9ae-8a0405d33f15
f6aa83b1-a9f9-4126-a400-e2c108eeb6dd,c6c4ffc8-ae05-49fc-a749-cfd949a671e1
319d15ac-2e38-48ce-9a4b-d6f3035934e3,c0b311ca-da41-466f-aafe-8d85a5a4966d
e9e4781a-79c8-45c4-811b-10cea1685624,1bea597f-439e-4a24-971e-25bc90079408
037d70a3-8ab7-4afb-ba05-7bb49d4eacd1,85749865-52bf-45fa-958a-f6a9cab3e760
262f98a7-5bd9-4a5f-a7ff-c24c809f62d9,b510a3d9-0c24-4be2-90bd-4eae47a014d0
f73802d5-0e2b-4910-b76d-a2c09b38abec,2d45b414-d204-4a44-bd01-711356ce7bfe
17806641-17ba-4ae8-8893-f2807468897c,cb660959-71e7-416d-95f5-1958ab1e7a54
0fd065a5-07f3-4e6b-a331-993edc25df4b,e600405a-ee81-455e-a057-a10bc3ff0284
979291b7-c685-4d67-98f4-8b7d699ea99a,4de5fee4-de80-4268-94fc-e451c427e055
