ebb2bde8-b9a4-4f25-8fff-280ad5467bf9,01692e13-0c53-41eb-ab2d-e02b2b6b6547
c285620b-c829-4337-ba54-f52a0107e34b,c342d65f-2881-483c-a6a6-251898c68272
753726b1-426f-4e50-8b0d-4cc769bb5a5a,6be53820-b3a1-44e6-9594-f9e6e7cc6989
2acc82b5-08b1-4634-98fa-d960c6f29467,40556590-27c5-473b-a51f-4faa1470a208
22bf75b1-a868-4068-a761-92cacad91d5e,67bbe2b3-4a28-43ff-8bfc-9f9bf1d28362
6f6600da-84db-483b-8fc1-b16bd03ee83d,bd410a0c-4e43-4f62-a47c-b7f7486a9f27
83c61080-0a86-43d4-a398-7f0c7d0b2edc,f9bc71ec-650d-4ba8-b69c-6b0ddf7a8e61
2ca15e88-c697-4d62-925e-cb6e37151df6,28596f35-5311-4182-928d-30b9654855e6
39ba6de7-a839-4978-b156-5c5fd584f914,fba1091d-3250-4da0-bfe0-d12d070007cc
e530b67f-5fc2-4870-8e44-bfe897994b32,49f7fc9b-1698-473d-92a1-5b1a9ea46eae
5e153f98-bc60-46ac-a12f-433bb4814690,cf92335b-ee4f-4c9f-a7bf-308852c026ce
04a8b37b-8c99-4766-a306-e313f7be33b4,e5235024-3e4f-4526-83b3-4572d840a5ba
3f4a19ea-a8f6-4a4a-b1da-053a92d637d2,d897ff49-3846-4603-a574-f702789a797d
3ece885c-76db-4d5e-a67c-c0c253ff5d55,919f2ccc-ef54-4a22-ab2c-45e9109a1181
6406bee8-a367-428b-ac7c-534272bac8ce,9b4fb1ef-7a77-48c4-aa80-c46d5777415c
092eaf8c-2224-4fbe-afd5-f239ebc17ce4,8366b1e5-daab-44de-8edf-797490a5984a
119c04c6-fc5a-4622-92f3-b4706cb035a2,1f7ba012-d0e5-4486-92f4-5904c808347f
0e18c05c-9d12-414c-bb5c-0dd040c897f2,829c5292-6146-4d25-8518-0bd5661d04b0
df017fcf-a393-4d4f-8f14-a146416e2fa4,cdfda74b-313c-413e-9007-a68cfe266778
5e613b0c-5df6-4209-8654-c7d2e3aa0407,03028f0b-7046-494d-b6c3-1bf4878a159b
5cd19de4-13fb-4766-b66c-b676789f4e52,5933a1ad-e85c-4699-9a9a-aaf383575205
9fbf0728-2a21-4623-9300-4da2c6d1176a,fbd800e6-d367-4fe3-bfcb-10e4f1d9f442
41470e74-c74c-4be7-a51a-8f261cbd4b18,d64ff600-2bdf-4988-b404-f06fddb8b9ba
