ebb2bde8-b9a4-4f25-8fff-280ad5467bf9,5a36a738-ad2f-4ca7-9c4a-a90d05c68423
c285620b-c829-4337-ba54-f52a0107e34b,5ad38ff3-bee5-4af6-8cb8-891e9de1ba6b
753726b1-426f-4e50-8b0d-4cc769bb5a5a,ac75d9e1-1b87-4b58-992c-da59d7a55bac
2acc82b5-08b1-4634-98fa-d960c6f29467,e0ff01ca-fa8d-4662-a8cc-fc589a95f0d8
22bf75b1-a868-4068-a761-92cacad91d5e,2978d456-e2e6-4a88-a31b-3179ec9341c9
6f6600da-84db-483b-8fc1-b16bd03ee83d,9b50f186-db12-47b5-843a-e769de051d1d
83c61080-0a86-43d4-a398-7f0c7d0b2edc,2369c0ca-086f-4ca7-9dd3-510ada83753c
2ca15e88-c697-4d62-925e-cb6e37151df6,a61de8fa-a008-4696-8315-39765d07a2d9
39ba6de7-a839-4978-b156-5c5fd584f914,a4f0c061-4d56-40aa-8136-ebee564c11e2
e530b67f-5fc2-4870-8e44-bfe897994b32,56f68d75-6aa7-46c2-a2da-fe4fc0281739
5e153f98-bc60-46ac-a12f-433bb4814690,8da46967-8674-4dc2-9561-d417d5bf8915
04a8b37b-8c99-4766-a306-e313f7be33b4,c2d7b315-438e-4039-be2e-5f8470de1780
3f4a19ea-a8f6-4a4a-b1da-053a92d637d2,cfcb08ac-4469-4882-afd2-0afc5225c020
3ece885c-76db-4d5e-a67c-c0c253ff5d55,048fe2a1-7b70-4520-bfad-53a75bbe9ca7
6406bee8-a367-428b-ac7c-534272bac8ce,ce291cf5-9de7-4011-bec1-f78a3069a5fb
092eaf8c-2224-4fbe-afd5-f239ebc17ce4,b5428e68-af08-4a22-b860-a0e8e77955c0
119c04c6-fc5a-4622-92f3-b4706cb035a2,8928983b-9484-435e-a107-834da664c0b4
0e18c05c-9d12-414c-bb5c-0dd040c897f2,eee7126d-2f90-47ec-8bcd-adbf7da6ffaf
df017fcf-a393-4d4f-8f14-a146416e2fa4,25ba761c-8cd9-44d9-8b21-e7928445c2ba
5e613b0c-5df6-4209-8654-c7d2e3aa0407,392fa3e1-60a0-482d-bf0b-63ac8a60604c
5cd19de4-13fb-4766-b66c-b676789f4e52,b0d20fac-18b9-49b6-a733-381af75e986e
9fbf0728-2a21-4623-9300-4da2c6d1176a,95519035-3e2b-4716-851e-08bdae1450a7
41470e74-c74c-4be7-a51a-8f261cbd4b18,311e9ba3-8c0b-47de-82e0-0cf716b9622c
8a91526e-4094-44e4-a55b-f56fcba1ce5f,6b4a92af-b2fa-4629-8e0b-0a34fc463b52
d05fdd89-2d10-4152-b67c-5887698845b7,22128b75-f5b6-4338-bf93-76b131ccd3ed
