301ba742-4286-4372-b4a1-6f4693d1ac3e,fa28055b-cea3-453a-ae18-ab984cd510b0
15baab75-384d-49cd-8431-ed4d340fd961,9d8bf9b5-78d5-4885-ad0c-fb61b0f74f7b
3be18093-0939-4b89-890f-3ab9bebd9e9b,e3e78576-f2ea-49b3-b347-9ef0c8a93fb0
1a862e02-1364-4057-a783-1af246eff886,6f53c80c-cf47-439c-b525-bfbe3b5666b1
909c6a3e-bfac-42dc-be9e-8dfbe8c0d9d7,ddf02339-2e2a-4a63-9f85-fa12394764bd
8317cfbe-6acb-47a9-828c-849629dea99e,e2cc2f5b-5aac-47d9-bcb0-302896293bf0
f6ce8aa2-4edf-4375-a575-9520a6d7a3dd,afb3825d-b4c1-44d4-bab8-cedb9cc7d99d
97491e9c-7577-4fbb-adfc-6560426f7992,8b3ea7a8-4dc6-4889-ad57-d801d1ade754
76bc251d-a75b-42e5-93a3-99312ac6fa48,51a6342d-96c5-4a3a-881c-997fab6f4030
16989b8e-32db-4899-9010-4fd3c675d0e7,164835c7-469e-4066-a936-6f1f8a2ddc46
605fa2fe-4cb7-48da-8b25-70d68fcde72a,82f1a62b-b880-439c-924b-5c15076383e9
dfac2889-c10f-4289-b280-4bbabc46a68c,3c9a9d14-5af5-4910-8c9b-456b2c218db7
ce3bde81-f728-4798-a86b-65abd6ce92f1,3a4ecf6b-b0cf-4899-8716-51a680e12db5
45f379c9-5829-40c6-89ef-ba4bc13a8f99,1d33ee52-cb99-4dea-9761-e23130b9c780
16ab715b-081d-4f93-a0b9-a92ccc3a233d,3d5bb974-bcbe-4f0a-aa35-e14842df7aa5
2e812d3c-f086-4497-a8ad-cc2bdad3c316,e18bdb0c-b419-461a-a7ba-55b80be190df
97b15b09-2f11-45a1-b305-d0c5b2765ef3,8535281c-2eb9-4ad1-9666-fb5f95ab3603
9611fc46-6d91-47a1-b283-e9c1f96b8203,cff7c719-5426-4ee2-99bf-8be60a36b313
cb2f4e45-8dc5-4840-ae34-cd23a0a010b4,857b0a7b-6508-47bc-8478-4b90e4aa64e4
4aec3331-6a59-4549-93c0-d5add33ecfb8,4cae1822-c201-491b-8e8d-8bbf17da49f8
aea3974e-1391-4f7f-aaf4-1291a1d47ff5,ba7d904f-d756-4185-b76c-f08fe1ad1feb
39483405-21c4-41a8-879b-91084e9593a2,1b54c4fe-2ec8-43d7-937f-624c7efb5db5
3516d841-e195-4cfe-be1e-c523fa6e7e78,066f00d6-642d-46fb-9a99-4aa657ab8745
24efbf3e-3e29-478a-a82c-b2c73c9e6c55,2fc1ea5f-2bf1-478c-841a-792e1f4b2a27
02bdf1b7-27da-43ae-a5f7-94de2d2b6f64,8f7b2246-d8e2-4c50-bf4e-8521b0cdc552
dc51d45f-09a4-44f2-84ba-9a195026f730,5d5dd886-6158-404d-aa63-5908d5c3037a
526c7150-b8bf-4463-97c3-5b6d4fbf1e09,06c028b9-1db8-43df-8745-f1ef9d2529a1
fe781adb-33fa-4026-b3d6-4ed5ac0972c1,8dba5031-07a0-4837-8541-6f7bdbe0a4f8
e2eda803-103e-4ba3-b895-04094cee4db4,07131e5c-7bd0-4506-8fea-61580395f3d2
a7779d69-7305-4363-82e1-94a705aedbda,2c31a49c-7640-4fcf-be52-81892c521d58
6af8dbce-cbf2-45bc-8647-baa1362f98a1,61b0b9e4-ac01-4b1d-9350-f32878dd862b
c32f779a-d7c7-41de-812d-e6967afbcc2a,b2a7b651-195c-4fea-8e77-901db5fd206e
e7fb0c63-b605-4916-856e-d8e7896874bd,52acb293-ae45-4cf7-9ee1-4409d68a43ad
e8f0abfd-7dd5-42ca-ae8c-b3a784d91984,ba1bf147-fcdc-422f-8139-8b08558066ca
b9f84f6c-0972-4e20-a16b-007ffc19734c,02a03806-a39c-4833-b968-872047137e25
9f6c2217-268d-4f43-9a46-d7159c853f55,6d5bb7a4-f9ff-4363-ac3c-9b4d907e53cb
ac38cc3d-0a7f-4ca9-8518-eec11c06ed71,568426af-4770-489f-b5fc-147a57b5333b
c0569e2a-2a74-4a34-82d8-781d18a439f4,ada0d14b-7d9d-4b25-ad3b-aea077a6233e
b5a63e73-097f-4dfd-b0a4-d5d3416ee191,c5aed090-7823-4c38-9792-b7a5531178a0
2f243489-79e4-4f19-82ea-e0217648350e,ccf7b324-28e5-46a9-a14e-033f3c4d83d2
44673a3f-a593-4632-8d41-fa9e726b1e6b,c1047b67-a4b1-4754-b5a0-dc3e6ab9f081
4c95ca05-b6d3-48fa-b293-75bd50b5db02,c6e342c8-a067-4e25-b16e-7ab20a13a82a
97fbc389-37b9-4071-81de-2d300a517d2d,d43938a1-d25b-4596-a70d-d30ca76250a5
45d246d4-63e2-41ce-9bd1-1fadabf4d7a7,00a12d0b-9aa2-4e6a-b3ef-7930fbee747e
5bc9482a-7e8e-4475-b271-984a00481a39,a3ed84d4-3ef7-4182-ae1a-2ac988bcc49a
df9f5fb2-30f2-4a20-bc98-7bd63626d453,cb9a9e0c-0fdc-433c-9546-b2569ce943ae
6a29bce4-72ed-42c0-9965-b35f73215d8d,f0505ee3-4e34-49fd-8209-797b1f1de037
23d04a37-0f6f-44eb-98c0-8d75d92429e4,6d5445b9-ab7b-4e31-b38a-b11be48fe247
33c55564-83ba-4606-b064-47e62bc4105e,c0d38792-728b-4c27-967c-a2f0314bdf68
1f8db249-b4e2-422b-b75f-2dfa2fc8be56,4da1f95c-c655-4e34-b0c3-8cb672122834
3a733438-4d7e-4ea2-96da-83d860822a1f,796baa5e-5483-4493-87b4-55b0994c31d7
745d4f70-39f2-4d2c-b935-41e0ebb0d494,cdc8c460-fdad-474a-a5ea-f988ac863a90
898f494c-41d0-422f-94a0-3285de6b58ac,666fe680-1f5d-4946-bb08-cc477225c2ce
d29e9f6c-3296-42a7-9cef-65d6a4d78137,a918040c-a213-423b-a2a5-2c30a29defbe
bdc1b407-2040-4a2b-a9c9-01db0dd81901,011c70ca-c949-488f-9cc6-71a2280b27b3
b8238a38-e0ea-4f06-8622-56912a815136,4ba9ce2d-ff25-4cf0-86bb-47b8f166789a
b5c79639-3201-45fc-bb5c-9e93fef4e70a,8db8afeb-4eca-4af1-b392-09213b1d7b7a
de8c7c6c-8467-45f3-aff5-bdf6d6cc1602,21e3e69b-6464-4246-b1ca-4b61b478ecf5
b46dfc38-6afc-427d-93a1-5aa9cf5422a9,0f29ec08-b20d-4f36-8bc2-49a35cbb20b1
f1b4ebbd-b00c-4f5e-bc74-39c5a5bd5a07,c13b24a2-e77c-4312-9876-27b2e2f68a1e
541c20c2-6b13-43ba-be6c-e8934175e1f3,3299394f-8460-4e06-b50c-7a79437f5e74
10352e3c-e189-405c-baac-f0bffb525a5a,0bafd51b-552f-47e2-ac4b-658d8128b2f5
ed78660b-2191-4952-be52-cc09cec07ad4,706f85f0-9154-427b-be33-1686410331d7
73cafa94-95ac-426f-93c2-f5f84acc4de3,507e868a-7f3d-4a01-b673-409669f83e73
5faff546-522c-4b65-a05b-7e6381dd3c42,81a759a4-fdc0-45f0-a195-bf3b596f0a12
7686319e-ffdb-4621-b5a2-dc1e5d1a4094,9c49afc9-91bc-44a5-a906-6403b7a45b0c
499c0bf0-51f7-431a-b4a3-a466e78d4b54,866655a4-02b8-48d7-bf00-b7b14121bef8
554e9cbd-bfcf-4832-9a1b-8ee0851d45fc,d6c729ad-6a9c-413c-9fba-544871afe780
b4f684bb-13ee-48d6-ad9f-b5157ce3fbb0,9a96972f-e06f-4472-aac1-606d7adc1ef9
8a41adfa-69c9-4082-9704-58842772b714,95640c18-3ce1-4e36-af42-6562cde5d3dc
9757cf04-a3e2-4707-b89d-a1566b7061cb,7801e1aa-12f8-43b8-b4aa-0d47118d5437
d6f44f71-1f37-439a-bded-9eda5f262947,e9919ee8-7152-4a5b-82e3-dc0c1ef10ce4
592a78a8-e77f-4026-a336-fd49c1a4b2b6,856a095e-48e7-4da2-ae2a-fa428ae9e4af
63a6fc34-b014-4c70-86f6-aee6be9e39cf,e09a8c78-d65a-405d-9d99-59acf255e1ab
c305000b-dd54-4d6e-8102-59fd02b2c87d,6c229456-0ffa-405a-bb62-749c174fbfbc
09a52e9e-3d6f-4207-87f7-5d43c6aad72c,88ad5113-f030-4c5a-aab6-f812ae9efd23
d96b911e-4302-40e1-abd8-daa439ff9606,2c367140-525c-47f1-b8ad-df1e11451b58
e64a7db4-5be6-4af6-8af1-a158616287cc,84f7ccae-9ad8-4b0e-9f11-0cf7d86416d3
45106fbb-d9e1-4333-9978-df93667dda3a,3d9934d0-74b1-4938-bf74-785c362057a6
e46fefc4-fd6f-40fa-a61d-7c7ffd4d6a4f,a4384b50-5dd8-433e-9897-8004219180bb
ed835d41-cf43-4c55-973e-927570204078,66681048-6a94-4369-bf30-4e3816bb1173
a1575cfd-6e5a-4077-9e29-f27badc5a334,446f6a5d-9056-466c-8483-079c5b7d763c
e953b412-902d-4b6e-a23c-97e2e02ceb8f,ccf1764b-f331-4911-a4b4-ee32f394829b
5bcb21f3-167d-4113-a4b0-76242e8b1d4b,58f9abcf-fb6d-4d06-8e11-7c4a4e73c5da
8deb8c0b-3049-4620-9a18-498043d27855,bddad68d-8389-4d8b-8933-72ffb3763386
46e79c22-a951-45b6-ba75-f7a61d55f001,f8a974e3-6723-48f8-b3a4-480a5e31060d
40fbfbfd-0678-48c0-9a28-79c3587d3816,0d9b4aba-86ab-46b2-8537-294668502afd
0d8a7ecb-6044-4ff2-a817-f3a0666edf2d,7cf5d5a0-bbed-424f-ad6a-ff2704e3824e
3648f18c-a187-4f11-9705-f26f4bc79f39,50b4f4d2-50ed-4017-b044-d5093c93527c
15e83a00-b081-4abc-be08-f66f6395f70e,c866347f-9d54-414a-82f1-08e4f9e8d07a
146793db-233e-40f5-8441-0cc5918031ea,e27680c2-3189-4c13-a8ab-6903c20dae1b
3fdf083a-cb08-4708-945d-92ae52399606,2f3a428e-5ff2-46c8-b2c0-2739dc2f9d1b
41543823-f445-458e-ab86-ba6740216d35,439ae268-eb93-4dc2-9da9-105f699cc122
ed73ac4f-311b-4773-aeb6-7d0567f68b8c,10f7ba4f-3843-4d42-861c-e6da44ee18f9
55f7e6de-a715-4d29-949f-0683676e166a,bf35bb8b-1808-4f6a-9196-aa42ac4a18be
b0f827d6-c0d4-4bf9-b6aa-83d92ce54c28,5612ceb0-fb9d-4e10-b193-d0a1a38b7413
e8cb5821-373e-42ec-ac28-23296d996eda,b54d11ef-ee4f-45dd-a012-7312b57b95fb
95b8850c-9b42-47cb-a2c6-3520d07a19f9,bd2a4e92-1dbf-4271-92c1-22d36fd517e0
7b698a05-a9a1-43de-b533-8b8eef1714d0,acf916fe-564a-489e-9886-8949075e28ff
0bf0b87b-8247-41ac-a9c5-40fb3cc4f6ee,060b8417-db82-435c-ae53-1a33d8fd9182
6cea6ba9-b9a9-4bbf-992b-f96df380b452,0b9320ad-9b07-4d82-8e13-f9e14560f866
834f59ed-27ef-452f-ab86-2fd0c346d5ac,8070f71b-4ee1-4496-bc4c-4b778e865bf8
bc4b33e5-205f-4685-bf83-545d8e6b7271,5ead53c8-e6af-4701-98dd-0c3716864715
f56f16ca-0409-4568-a540-a69d639ca5ba,b7251b72-6df9-4a73-a15d-0600c543344b
3e7c0f95-6aa0-4718-9ea9-35c88a15e0b1,afbd8b2f-f3bb-4406-9d91-2fe83db54bd1
4341d490-93a6-4202-9b9c-5cd7eb706cf6,ca86a2b7-791e-430a-ad3d-abac09697d6f
6a696edb-8431-4c31-9f48-4554459c0a05,ddbfafdd-4dc5-49fa-b980-290d1d833a1b
3b83e311-8d90-4120-89fd-f17dbc42f373,78e775a5-5577-4573-bc50-8b040392e071
e7d761c8-d88e-4f26-99ac-a02574c232e8,0e91275b-f9a6-4639-9c73-3f9ab7bb8769
c573079e-07dc-4deb-bf2e-fffe0a9b033b,67ab4e49-52c9-47fb-954e-fd81f1cb4a77
1cee66fe-64a2-4194-ae50-7954c372c2fb,7c59c1b6-b27b-4f75-bed0-86bd36217a5e
688496c2-7979-442a-89a1-3b86c8ff8c44,20a0eb31-d28d-401c-9bab-49519d40b1cb
5102f6fa-b7f2-4a62-82b0-8158b1836f9d,635bc2e5-d46b-4d68-a668-a12c92166ac7
0ddc5c1e-a054-40d4-852a-43834bca4993,07d1a335-c964-4ca2-9519-9324296d3d89
a03d2ff8-2b2f-472f-84c8-425bc4e9e9e4,b24a11f1-7ce9-4106-90fd-ff0ce7731a36
0bcbedc5-ffa4-4ec4-ad4b-1f29c0b95765,5054d872-34b7-4dc6-824f-ff1570a82e4b
9880c1b0-962f-40e5-877d-1c6e2798ba6c,e78db0b0-8604-4115-8307-c50c4ce8f5e0
beece7d0-c21e-4e1a-b4cc-d64ede8ee368,9fda34b8-5944-4262-b7a1-67cbf25b3222
5adede35-865a-4015-8ebe-d4b31f441e12,c970ed45-36bb-4bb9-85f8-0c84d27bde31
c57b0598-15d1-434e-800d-7c28fb110855,efc49861-28c4-4334-ba1c-af61c99009f9
e03cebdc-60ae-4b5d-8950-ba01db465ebb,69828562-599b-47ce-ba68-177ae20cf2ca
f94d387b-040a-4531-a4dd-84a932036dd2,9cd2e025-674b-459d-a859-1c497998e8b2
90523d66-7e8e-4df7-9cfb-532fb77bf9c9,2d88ffe8-10be-4d7c-836c-34e188851813
0b6527ca-4a24-4ced-bb4f-64bd74690fd5,63921727-15ca-4c28-92be-e87a37859d3c
775371bb-4504-4f89-9b35-9785699ff2a8,23a59b60-e887-4b5c-b96b-4de6f8ded43e
161babd9-471c-4afd-b205-8244bf6182cc,74355a4f-346d-4e97-9586-03158d51a6a5
8bc8a876-2664-436a-853a-ac9dd011f56a,089226ca-d209-4192-81be-3a0a19319e65
fb901c3a-f4bb-4bd8-b221-7810c58113a2,8487634f-57f6-498a-ad8e-de5bc4fd1606
df07def0-887d-4294-8f5f-f0f673dd16ec,d4cdbb78-f30a-4f2f-9529-1362b8455052
901ddee9-185f-4cff-99b1-ebbe5ffedfbf,44c4b360-7c87-4eeb-8bbd-dc360bfd6980
7e5f2436-e731-4b31-b5dc-77bff2a28948,f930cb56-e50d-4caa-a2df-22fbbbd6b0dd
f2079bc9-7720-4689-9285-eb72316263dc,220c712d-7f88-4770-94d3-107063e2df6e
5bb5d51a-81ed-4904-a449-6ec802ffe020,9b80f451-644e-4ac5-9147-e67575e91933
9cf1e6bf-aac4-46a3-8b79-44d627c33ca8,372175ed-1e09-4a5a-82f3-af7528f320f2
479e2160-695f-4545-a172-cd8021b38312,ae3b5d81-a6a5-41a4-82f7-8da6a38dd9f4
b1107d8e-a218-4554-b856-5f81e22d30d6,91005266-5b87-4368-80b4-53525593c201
caf46df3-9bb6-4a35-a95a-52cd4f2a341f,c739929e-3f72-41da-8f81-b0e112797252
8a150620-07a5-4f66-8c6e-1026f26897b5,c57fd0fa-95d5-4d0c-87e2-7e5dee578d6c
31e35d2d-baa2-4a25-9dc1-b0d8a21a1cf4,a9c634f3-f9ea-4de7-810c-01bb32d6894d
fbcdecb9-cb79-4c62-bfd9-8abdcefad1d2,46469499-cf29-45d9-90b0-64aa14d29947
96024c1f-7cfc-4a98-b112-34817d2a6e86,dc4fa82c-5ea3-40d0-813c-4d1aec53ff83
7bb15068-6390-4196-9fe2-4ef262f908aa,279a7a5f-4f4e-42ae-9323-83152a2777c3
598b9c59-e7d1-4f36-8a9f-c12527275279,8cdc7c37-6d90-4bb5-9c56-cda5896dcd47
86649fc8-0231-4977-a65d-30a15d1b3b17,bac6808b-50d5-4876-acad-51b66ba02763
af760d41-6494-440a-ac40-61d97853dc66,9c208ac5-5255-4783-a3a7-4fb9ccec9c95
6ec83b69-1602-4df6-a01f-b5bcf94adb75,2e9ffa3c-553a-4876-8697-6bd0bffde721
3b0445eb-de22-4f83-8e0c-adc193f2234c,64487b2e-5f16-40d7-9de8-7bc4b7d1e71d
47b38dc4-bd3c-447b-9c8e-2e5efe1a958f,d5b68e36-a097-4fb7-a02b-4ffe8c915cb4
d757e201-bf1a-456a-848d-62b805c9bffe,566cb40a-fc52-4915-9326-05c4fdb93e7a
e422d6f2-3a33-4907-bd2c-0a3964fba374,77a6edc1-d6e2-461e-b8b5-28563dd5e4d1
1c3b733a-2253-41f8-83d4-9fbdb949e8d2,d85eb784-733c-4642-9e77-2ef32a54af96
c8724ce1-6e2e-4fe0-824c-0cc405550c83,546471e0-6ccc-466d-aed4-cbe66e121ca7
4e93b5b3-70f9-496b-9562-b8b3ffaf5506,45fe0079-8704-4a1e-8b50-c5dfd31b951e
416f8a43-fe52-4f3b-b159-8387534388e5,c8542709-a2b0-4b29-b0c4-bb81da380432
454f938c-5dd9-4f0b-bb96-940bb8db76e8,cda857be-dc56-4621-bd42-c85d41806893
8b5960d2-b22a-4621-b44e-3470a2661b6f,1e60d445-2496-44c3-9924-a10f14d88cc4
2589b6ff-1938-460f-b817-8e32b949603c,d2b1d3ea-e4a2-4b32-8b17-5bedfa2502bb
d8fc2450-58cf-4570-b2a6-ed934806cdd0,751ec7bc-3a85-40c1-aa62-b1308b5deda9
ec8c2af2-840f-400e-9be8-2ec7ad0e7fe4,cb33df7a-c557-4691-884d-d3f30b9f6390
cf480280-d7b5-45d1-8578-d1acbadf4d8f,75c93592-5c9f-482c-a6b5-7166d5fc1d72
630fbe36-59d1-4986-9e61-551e9d9fa6b1,15fc40c7-cc4a-4090-9c91-68c0695e12ff
21ef0d62-f676-4e19-8073-2d2a63516358,69634066-0a6b-4233-b053-f59cbe4ca8af
2186d3a7-5eba-452c-aaf4-e22d81ef2e45,a796cba6-25b5-425d-8c69-21e6d0f6cb12
fea49449-255d-4175-8bf7-ad17720b9a37,8a76f2c8-044a-4474-9254-fb305b71c2f6
3ecedbb7-1d6b-4483-8340-39a728c33188,7ad89c3e-2599-4165-bc7e-44c03b8274e2
45eb20cf-18d9-4ec3-9a85-551685c8fb38,1bd7596c-6cd9-4c26-a959-1bbe3df26131
64055766-50a9-4833-b38d-9248f96a9717,8a4017ee-16bc-4c96-b310-1f74a4d613b2
02f83cd8-da31-4773-9367-52918d0ac15e,dc882fd2-c809-48c0-9575-44b24880f3ba
7034f59a-130a-464c-abae-d881c6a504a9,a696df42-196c-460b-a976-27d46fc34540
436fad1f-8639-4d53-9294-ff40712085a0,2510f4ed-79c8-4547-b5ac-f1336984440f
af96a3d0-7880-4457-be28-5b81f5cfa584,7d23202e-2ed1-4344-9d86-28f409f12583
65105bdb-0e5f-469e-8c0e-3f211c563dac,0ce3d76e-c278-4955-a2ca-af2741132690
4b475b8a-8657-4326-b962-79cec9033d84,4c2311ed-14ad-4686-98c2-de6e50356e22
cc4b53f7-c050-4af3-a59a-7baf31747e42,c402abd8-b309-4084-b47c-8fa51b908720
4ec09746-3694-4f0f-831a-42aa30bf567c,6abea496-351c-4c65-891e-65ace814e8c1
a25b3581-d0d7-4a87-ba9e-755a4619788d,a7caf168-c8a5-4b13-a8cd-a46563c26d45
2814a499-b139-4fca-b242-6eb43a9f3b77,b56fe1a9-e95f-4020-864b-561a3cc696e5
4c115ac6-5731-4c59-8c63-20271ea74f42,2527f067-96fc-499c-aef1-5a3b1f5c4e3b
04f4144e-bfcb-4a13-89c6-ad65084da59a,58efe2ae-74cd-4972-af9d-f67991a66d52
b53d1eb4-1ba7-4e46-acaf-13baeafbd65f,60ef9381-9dd0-4e1d-8a5b-f0e4cf9fd4ca
bd77f9d4-90e4-407f-9fed-f6b5fe0ffc77,e27ae773-bfb2-429f-94f5-1647802202cd
820a4613-ac87-46df-b95a-b342b42096ef,1018337e-0350-42af-819c-f70e7fdb465c
8ed8e0e8-4869-47c4-8d3c-7748761b5a50,123fbc08-5155-4260-9a49-3a17279545ea
5541e5d1-92c6-477f-bf17-69d99ab88677,b8f18116-35ef-49ab-a2b2-b388f55cfe10
09a3a388-7c33-45dd-95b2-4fae380e1b77,d4eb9dff-e308-474e-bf30-7cb256e2885f
c6c3ce21-3bb6-4421-90bb-b4f3a9740896,3e913674-1642-4421-9d63-d931f2f385ca
7975bf6c-206d-4d28-8cce-c240db319449,295ee57e-71a5-43fe-80b6-32621bf2287c
bde082d3-8a1f-4d71-89de-c89fb6afeae5,73e1df81-41da-409f-9619-d2ddb72255dd
8b629ff6-f934-43f2-9255-72b4fea48092,687e53ab-09ba-4bbc-8e5b-1e861c778eec
85aa8a99-f95e-41c8-854e-1c171adee0fd,c9f4516f-b119-49c0-bc28-6f8fb969e17f
f3efd814-c116-4e0f-b6ac-88f33f4e2e17,0ff4b3e3-16ee-40cc-a5da-c304272492ec
a35f089d-96c9-4e26-87d4-cc679d083a8f,89fdadee-2345-43d8-b092-5579d3ed3a62
465419cd-d9b0-433d-a6d8-47f5564b688b,5e15390c-2923-4307-9518-c5a48646e48d
39361133-4cc6-48de-a4ad-c7d9f928c67c,dd8e8e0b-55d0-49f9-9149-9302a7b93c4a
2d48e216-65fa-4051-b5e7-25e43b86b033,01d47b9c-a917-46a4-bcb7-166bc31bfeec
8266e414-ad01-4448-8240-dec09a8ab179,e3b842fe-17be-43ac-9abb-b6340bb8c731
781c353e-7a66-4ec3-8ddb-3054a8406d41,486a0ab9-b9d7-44d2-bc82-0612ba046efe
0e900409-848f-4360-a9f1-564860fb47d1,c4860b3b-eb4d-4442-a06d-a3ec71cce420
edcb2594-47e3-4cea-963d-219b7d270829,fe47555d-2966-4309-8a9f-f4a7444c7b84
e85d0adb-2b53-4d57-b5bf-fa67518dd029,eb0baaa2-3d57-44ae-aab3-aafea005ac8f
3e6dd0d0-a1d9-4bcd-be01-b778a07053e1,23fda4fa-bc70-42e0-b979-fca65bbd30a5
104051e7-927f-4ba8-9112-f06ccd8ff6c8,a1454b14-f2b5-47ba-95fa-913e571cb1f2
