301ba742-4286-4372-b4a1-6f4693d1ac3e,225dff6b-a81e-4fa8-8fb0-b8eabde1c497
15baab75-384d-49cd-8431-ed4d340fd961,cae0cb40-c441-496a-b0d6-36282a2d86fc
3be18093-0939-4b89-890f-3ab9bebd9e9b,b54101e0-5887-4c7f-b56d-fe8193082c1f
1a862e02-1364-4057-a783-1af246eff886,4f2667e9-4a6f-4536-9a49-216b9e058982
909c6a3e-bfac-42dc-be9e-8dfbe8c0d9d7,1797f2b7-dc36-4f3d-882b-98764875d7bf
8317cfbe-6acb-47a9-828c-849629dea99e,cc70eff7-88be-458f-97b7-9e4da44127d1
f6ce8aa2-4edf-4375-a575-9520a6d7a3dd,2fbe7a03-fab4-4cc8-975b-d403598a4ced
97491e9c-7577-4fbb-adfc-6560426f7992,575036b2-c4ba-41fa-8de3-7faf740018cb
76bc251d-a75b-42e5-93a3-99312ac6fa48,6a343171-0fb8-436a-b94e-1b18117a316c
16989b8e-32db-4899-9010-4fd3c675d0e7,e0d8ee78-8457-4ffe-bb1e-35410db193e2
605fa2fe-4cb7-48da-8b25-70d68fcde72a,62acc4b8-fc31-445d-9fb4-c589c617ad0f
dfac2889-c10f-4289-b280-4bbabc46a68c,93328574-6cfc-4d22-b84f-54ce0cffade1
ce3bde81-f728-4798-a86b-65abd6ce92f1,e37a8df4-3d12-4e12-9656-463225dd00c9
45f379c9-5829-40c6-89ef-ba4bc13a8f99,7ae55665-d1fe-4324-8bd0-1363b59d5d66
16ab715b-081d-4f93-a0b9-a92ccc3a233d,ad82191d-ecce-4c8f-a359-8fdcb5a93e38
2e812d3c-f086-4497-a8ad-cc2bdad3c316,d952a69d-eb7c-4983-a90c-0d0c28905439
97b15b09-2f11-45a1-b305-d0c5b2765ef3,3e00d6d7-0adb-4dfe-aafd-1e4e0ea8059b
9611fc46-6d91-47a1-b283-e9c1f96b8203,9f7dd42d-aa23-429d-aab7-b1b0cdd05b2a
cb2f4e45-8dc5-4840-ae34-cd23a0a010b4,b167999c-459f-406e-9e8f-16a2061c2b91
4aec3331-6a59-4549-93c0-d5add33ecfb8,920b0888-b251-4cdc-8c75-23c740a9fdee
aea3974e-1391-4f7f-aaf4-1291a1d47ff5,f1ab38d6-9ab4-42c4-95ad-aa33e92c1d69
39483405-21c4-41a8-879b-91084e9593a2,30cbd4aa-1436-426d-a69b-bf7c5b8c5357
3516d841-e195-4cfe-be1e-c523fa6e7e78,a893c104-a02c-4c23-b763-07dee4e05769
24efbf3e-3e29-478a-a82c-b2c73c9e6c55,19cff1ce-3e12-467e-a053-bee3bb2dfc0f
02bdf1b7-27da-43ae-a5f7-94de2d2b6f64,04825184-cffc-4c5a-91b9-f5683f09f4e5
dc51d45f-09a4-44f2-84ba-9a195026f730,bf1ee37d-09dc-4f89-9bef-3fc53e3a1d98
526c7150-b8bf-4463-97c3-5b6d4fbf1e09,b853318d-475b-4a3d-87f7-e77376ff449c
fe781adb-33fa-4026-b3d6-4ed5ac0972c1,9110bd4b-6077-4ffc-bca5-2b7d9c24ba7e
e2eda803-103e-4ba3-b895-04094cee4db4,b1116631-8c52-45be-8957-ea35025712ad
a7779d69-7305-4363-82e1-94a705aedbda,327c334b-94f5-43b2-82a8-37cb8dfc829c
6af8dbce-cbf2-45bc-8647-baa1362f98a1,ee4b260e-3d07-4b3d-bddb-98dc540439bd
c32f779a-d7c7-41de-812d-e6967afbcc2a,b96a201e-1ac1-4163-b8a3-4a004efd8e3a
e7fb0c63-b605-4916-856e-d8e7896874bd,7e414643-e671-4fb5-9d56-e650755148b0
e8f0abfd-7dd5-42ca-ae8c-b3a784d91984,dfc8b3ee-6cf4-407c-959d-1c41d79b38a3
b9f84f6c-0972-4e20-a16b-007ffc19734c,446cf2a3-98da-4b9f-82b9-d0915f7ae496
9f6c2217-268d-4f43-9a46-d7159c853f55,6b6082c5-dc63-457c-b8b7-7f6da50f9869
ac38cc3d-0a7f-4ca9-8518-eec11c06ed71,8244e9ab-2129-4a68-98a3-121d264cdf7d
c0569e2a-2a74-4a34-82d8-781d18a439f4,a24231f4-6fc9-45bb-9eb2-f8207ea67003
b5a63e73-097f-4dfd-b0a4-d5d3416ee191,2b0ff963-7913-4b51-aade-fc1f603f9a1c
2f243489-79e4-4f19-82ea-e0217648350e,acf5b1ac-dcac-40c3-84bb-d2a57f892c7a
44673a3f-a593-4632-8d41-fa9e726b1e6b,2f6f8ac6-6904-4b8a-bdcc-640eb120c924
4c95ca05-b6d3-48fa-b293-75bd50b5db02,7b66e90e-7aa7-4cc7-9576-48019dc4e62a
97fbc389-37b9-4071-81de-2d300a517d2d,d33d1d41-026a-4768-bcbc-637e0f162cb5
45d246d4-63e2-41ce-9bd1-1fadabf4d7a7,89f16d31-e4b1-4fbc-bf2c-c3d6579998ee
5bc9482a-7e8e-4475-b271-984a00481a39,89fb90cb-258d-43f6-92a7-9e60849e2a09
df9f5fb2-30f2-4a20-bc98-7bd63626d453,3ad95640-a82a-4abb-ab70-66b548524ec1
6a29bce4-72ed-42c0-9965-b35f73215d8d,592fd288-c75a-493f-9558-ab5df4e773bb
23d04a37-0f6f-44eb-98c0-8d75d92429e4,daff5bff-3fb5-472a-9434-bc69d4a3152b
33c55564-83ba-4606-b064-47e62bc4105e,0ee2b871-c67a-44e5-a453-24a4be0822ad
1f8db249-b4e2-422b-b75f-2dfa2fc8be56,943ad705-22ea-485e-b22d-3dd40669daef
3a733438-4d7e-4ea2-96da-83d860822a1f,a26134c7-21dc-44d6-b887-5097c13a5faa
745d4f70-39f2-4d2c-b935-41e0ebb0d494,b321fb88-a6a4-4379-8691-85498bdeef96
898f494c-41d0-422f-94a0-3285de6b58ac,dd323906-026e-45bf-b79e-04515addce1d
d29e9f6c-3296-42a7-9cef-65d6a4d78137,994a6537-2461-4036-8fa9-e90e85b8b418
bdc1b407-2040-4a2b-a9c9-01db0dd81901,3dd40137-b376-4fe3-a0bb-59a36f51113e
b8238a38-e0ea-4f06-8622-56912a815136,5e6059b9-08d3-48a7-9a10-0f476f7797b4
b5c79639-3201-45fc-bb5c-9e93fef4e70a,2fed9804-ffbb-4fdd-a69e-041de97aa85f
de8c7c6c-8467-45f3-aff5-bdf6d6cc1602,9b3ed8d0-16be-4b14-ba44-de510d03eb4f
b46dfc38-6afc-427d-93a1-5aa9cf5422a9,156e88ab-3a3a-432d-8773-c38f14f67757
f1b4ebbd-b00c-4f5e-bc74-39c5a5bd5a07,cec5969a-50b4-4c28-9761-8cdecf73dc20
541c20c2-6b13-43ba-be6c-e8934175e1f3,4364c3c8-dad8-4d43-b3a9-342c3becaec9
10352e3c-e189-405c-baac-f0bffb525a5a,0ac01ea9-6bf0-4bd1-a227-a729f27e6b4b
ed78660b-2191-4952-be52-cc09cec07ad4,7e6599f3-b1d6-43bf-a737-045691b78bdf
73cafa94-95ac-426f-93c2-f5f84acc4de3,be49c666-a669-4124-b5b8-48832d1ffdc0
5faff546-522c-4b65-a05b-7e6381dd3c42,dee9c5ad-fedd-4f66-be21-c782772ae7fe
7686319e-ffdb-4621-b5a2-dc1e5d1a4094,32b5c9ef-96b2-48b3-b9b8-d7648c635e81
499c0bf0-51f7-431a-b4a3-a466e78d4b54,9331223f-6343-4ce9-9c6d-b45f8ed87813
554e9cbd-bfcf-4832-9a1b-8ee0851d45fc,4db6d408-91c8-4573-b102-d0643a6b33b4
b4f684bb-13ee-48d6-ad9f-b5157ce3fbb0,9cfdbee2-3e48-41b6-a4e8-32755fe8c8c1
8a41adfa-69c9-4082-9704-58842772b714,322832fd-d395-41e6-9ead-bbcf28b0a3e7
9757cf04-a3e2-4707-b89d-a1566b7061cb,c40aebd3-4496-49ae-b8c8-fefc78b4e290
d6f44f71-1f37-439a-bded-9eda5f262947,bde949fd-9795-4cc5-aa44-972c430a36cb
592a78a8-e77f-4026-a336-fd49c1a4b2b6,a6e677b9-5638-46b4-86f5-891c7a558169
63a6fc34-b014-4c70-86f6-aee6be9e39cf,243b3a0a-30d2-4e4a-8190-9e15c1f697cd
c305000b-dd54-4d6e-8102-59fd02b2c87d,c1e76e1e-fe77-4a4f-8694-23baacaf9cc0
09a52e9e-3d6f-4207-87f7-5d43c6aad72c,9ccce948-551c-42f7-8df7-48dd770c74bd
d96b911e-4302-40e1-abd8-daa439ff9606,ba646c06-a0a0-4dd3-81d7-5ab7c9eea2d5
e64a7db4-5be6-4af6-8af1-a158616287cc,9ac02162-7e79-42dd-93e2-225d7546ee82
45106fbb-d9e1-4333-9978-df93667dda3a,45be2b40-622a-4e47-9e8a-66af78827d9a
e46fefc4-fd6f-40fa-a61d-7c7ffd4d6a4f,a8a2f334-ed52-4c54-8d5a-1eec95cef284
ed835d41-cf43-4c55-973e-927570204078,718c3998-6b0c-4f79-a95d-9887165d67d9
a1575cfd-6e5a-4077-9e29-f27badc5a334,47a121ac-2c21-43c0-81de-0f4b3dcb6b01
e953b412-902d-4b6e-a23c-97e2e02ceb8f,e031381d-a57f-44eb-a969-f70c80ccdb0c
5bcb21f3-167d-4113-a4b0-76242e8b1d4b,61726ba9-e494-419a-89d1-071258e06ec0
8deb8c0b-3049-4620-9a18-498043d27855,c8e7d5fe-d956-4ebe-98d1-de829e828fef
46e79c22-a951-45b6-ba75-f7a61d55f001,f402d06a-f2ad-4eaa-b79f-767f46a7ba76
40fbfbfd-0678-48c0-9a28-79c3587d3816,130823d5-d51d-4852-a94e-ce570f488ad4
0d8a7ecb-6044-4ff2-a817-f3a0666edf2d,8c139094-62f6-43ae-b2b1-69ecd71f5132
3648f18c-a187-4f11-9705-f26f4bc79f39,57e9ebfa-f189-4689-a5cc-b7657171e66d
15e83a00-b081-4abc-be08-f66f6395f70e,da65b00c-75bb-4b83-8a00-05e62433cfd6
146793db-233e-40f5-8441-0cc5918031ea,eb24ffe5-386e-4969-9014-8337cca845c6
3fdf083a-cb08-4708-945d-92ae52399606,4163d21a-729c-429a-806a-b4042ef5164b
41543823-f445-458e-ab86-ba6740216d35,474fe507-2245-4821-8403-3cf1eeb7cf45
ed73ac4f-311b-4773-aeb6-7d0567f68b8c,2544bc5f-a0b2-468c-8e1e-48589b06a93c
55f7e6de-a715-4d29-949f-0683676e166a,cd04899e-3943-4d19-8119-89599c44fad5
b0f827d6-c0d4-4bf9-b6aa-83d92ce54c28,5ac62edf-d4d4-43fd-a130-71ce0bec19e5
e8cb5821-373e-42ec-ac28-23296d996eda,b6a2f8be-d79e-42db-8bf1-e86f8b9e8f67
95b8850c-9b42-47cb-a2c6-3520d07a19f9,c60ef930-8e37-492f-88e5-ab47806fe4a6
7b698a05-a9a1-43de-b533-8b8eef1714d0,af08346f-faf5-4455-a15b-8b7546cc12ca
0bf0b87b-8247-41ac-a9c5-40fb3cc4f6ee,023d3b5d-5a1f-40b9-9ebc-c2bdd971e6ae
6cea6ba9-b9a9-4bbf-992b-f96df380b452,0a606ea8-3077-43e9-bd90-998a6347bab0
834f59ed-27ef-452f-ab86-2fd0c346d5ac,911ebefa-d971-41d1-b551-846b3f2a4635
bc4b33e5-205f-4685-bf83-545d8e6b7271,6458f831-4bdd-4f2d-97a0-55341837ed25
f56f16ca-0409-4568-a540-a69d639ca5ba,be2e5961-3d98-45a0-8428-8ac3e6055064
3e7c0f95-6aa0-4718-9ea9-35c88a15e0b1,b1ffa684-d7de-4bde-a851-cf431ef5ff29
4341d490-93a6-4202-9b9c-5cd7eb706cf6,de49833c-38cc-4be7-ae16-cb39a3db43e1
6a696edb-8431-4c31-9f48-4554459c0a05,ea714d4f-f7f4-4cad-a725-73998044974a
3b83e311-8d90-4120-89fd-f17dbc42f373,8ab5cda8-7116-4818-bce9-af4337de6dd4
e7d761c8-d88e-4f26-99ac-a02574c232e8,1401bf9d-1fb2-4e93-a34d-7ba1f528ea2b
c573079e-07dc-4deb-bf2e-fffe0a9b033b,74ec0ae7-8a2b-4360-92db-ec0895a160c0
1cee66fe-64a2-4194-ae50-7954c372c2fb,8bdd66ac-44ea-4743-a66a-2ae7344c0431
688496c2-7979-442a-89a1-3b86c8ff8c44,2ec93da7-2075-48f6-9320-5cad5882521d
5102f6fa-b7f2-4a62-82b0-8158b1836f9d,6ccd5fa6-a9bf-4a76-9a3a-f615a73efd67
0ddc5c1e-a054-40d4-852a-43834bca4993,026db7c8-af7c-40f8-af35-e342fc3e6eba
a03d2ff8-2b2f-472f-84c8-425bc4e9e9e4,b68821e6-f595-4f8e-8894-bc92f1006ec0
0bcbedc5-ffa4-4ec4-ad4b-1f29c0b95765,55eb9e8c-4c77-40b6-9203-31f149d924eb
9880c1b0-962f-40e5-877d-1c6e2798ba6c,f00f8ba2-e01e-4e16-9035-926432fe4e07
beece7d0-c21e-4e1a-b4cc-d64ede8ee368,a13150b0-c006-4f06-a3fd-59da55fd365d
5adede35-865a-4015-8ebe-d4b31f441e12,dc34764c-ad92-4dc3-a58a-465827e7d459
c57b0598-15d1-434e-800d-7c28fb110855,f154af5c-833d-44e6-9a8d-97723b49e3c0
e03cebdc-60ae-4b5d-8950-ba01db465ebb,7a82c4b4-294a-4d74-800f-a1199346977d
f94d387b-040a-4531-a4dd-84a932036dd2,9e6b5798-aee0-4de8-8782-bb74b6302168
90523d66-7e8e-4df7-9cfb-532fb77bf9c9,3f085904-2bdd-4a1c-a821-42c8ba85dddd
0b6527ca-4a24-4ced-bb4f-64bd74690fd5,6d1c3424-7ae7-4cb7-8301-75766f7abfd9
775371bb-4504-4f89-9b35-9785699ff2a8,3620c0da-4f7a-4c3c-a32d-07cb8c15dadb
161babd9-471c-4afd-b205-8244bf6182cc,7ee829b1-81aa-463c-814d-cfc8a1c57252
8bc8a876-2664-436a-853a-ac9dd011f56a,06deb8c5-13fb-4529-917d-b622b8e0778c
fb901c3a-f4bb-4bd8-b221-7810c58113a2,96c4d5b9-bb88-4d6a-b9ae-70990f484b87
df07def0-887d-4294-8f5f-f0f673dd16ec,e251f889-444c-4f95-8145-e3ad602fbdef
901ddee9-185f-4cff-99b1-ebbe5ffedfbf,4cf93e35-5aef-4f17-9d01-b6ee7ad16615
7e5f2436-e731-4b31-b5dc-77bff2a28948,f48bd1b1-fc5c-4ebd-9042-3e61c6cf3e91
f2079bc9-7720-4689-9285-eb72316263dc,32e09365-ebe5-491c-81f2-61d9730d8ff7
5bb5d51a-81ed-4904-a449-6ec802ffe020,9daff18a-d0d9-4a90-a058-95a4da7810d9
9cf1e6bf-aac4-46a3-8b79-44d627c33ca8,4571e684-c850-413c-a965-0edab231d54f
479e2160-695f-4545-a172-cd8021b38312,b137b3d6-b196-4f4c-89bd-02cf3a88629c
b1107d8e-a218-4554-b856-5f81e22d30d6,9cd7a981-9f35-4c84-a2f7-39d048c4e75d
caf46df3-9bb6-4a35-a95a-52cd4f2a341f,d983a6b0-d469-4a4d-8b3a-219f7bc44dc4
8a150620-07a5-4f66-8c6e-1026f26897b5,d26c795e-8b8b-4988-904f-076ebe9bbd4b
31e35d2d-baa2-4a25-9dc1-b0d8a21a1cf4,abbe4039-f643-48a7-85e9-f4db6249a663
fbcdecb9-cb79-4c62-bfd9-8abdcefad1d2,4f15f804-e10c-49f2-9f05-232e6b4aaf9d
96024c1f-7cfc-4a98-b112-34817d2a6e86,e73e12ed-9e18-4a3e-8334-8909b44a5cc7
7bb15068-6390-4196-9fe2-4ef262f908aa,385d9afb-c278-4f31-a300-7fb5cdd6f678
598b9c59-e7d1-4f36-8a9f-c12527275279,9c8d3172-4b21-45f5-a525-7242ee568831
86649fc8-0231-4977-a65d-30a15d1b3b17,c1bf959f-b126-4a5f-b2aa-80e6d981d3bb
af760d41-6494-440a-ac40-61d97853dc66,9e0e4108-11aa-4fc8-8307-7db2aad9c4ef
6ec83b69-1602-4df6-a01f-b5bcf94adb75,4091f6a3-61b5-46fe-a877-2b2a68f11cf7
3b0445eb-de22-4f83-8e0c-adc193f2234c,6e37c623-75f7-4260-a36c-ac3472b6bf34
47b38dc4-bd3c-447b-9c8e-2e5efe1a958f,e6a71db9-6f34-4d5b-b1a1-2e8d61936ae8
d757e201-bf1a-456a-848d-62b805c9bffe,5b7a067e-da6c-4f5d-9bb3-2538e0559fd9
e422d6f2-3a33-4907-bd2c-0a3964fba374,8883fc2e-b9d5-4769-b30e-8161efee73a2
1c3b733a-2253-41f8-83d4-9fbdb949e8d2,e728bb69-883a-4211-8f83-589e06bcb1e9
c8724ce1-6e2e-4fe0-824c-0cc405550c83,58b5d5df-6dc7-42c7-9ef3-8320a2285d2f
4e93b5b3-70f9-496b-9562-b8b3ffaf5506,4e44e7f8-0cb8-4dfd-848c-34f7fbac96bf
416f8a43-fe52-4f3b-b159-8387534388e5,d9ff245c-af60-4305-aa13-0f65483193f0
454f938c-5dd9-4f0b-bb96-940bb8db76e8,e10e5c1e-0d95-4ab9-b37f-23a869951bf7
8b5960d2-b22a-4621-b44e-3470a2661b6f,2eba7522-6664-4fd7-a629-9b80e012e793
2589b6ff-1938-460f-b817-8e32b949603c,e18fb14b-c2e3-4b9f-8f7c-284417671e2b
d8fc2450-58cf-4570-b2a6-ed934806cdd0,7f56cbdd-cd33-4ef1-841b-1a2f20f02d28
ec8c2af2-840f-400e-9be8-2ec7ad0e7fe4,dea32a20-a697-478c-8da8-71f1825dae4b
cf480280-d7b5-45d1-8578-d1acbadf4d8f,826f404c-7a50-4fb6-8ecc-9515d8ee9dfb
630fbe36-59d1-4986-9e61-551e9d9fa6b1,29e72111-c15b-4884-92ce-aff1f2627ad8
21ef0d62-f676-4e19-8073-2d2a63516358,7548f262-e068-488c-8380-81f9ca2ebce7
2186d3a7-5eba-452c-aaf4-e22d81ef2e45,aad6dd9e-2fd1-405a-86cd-c2a8e969fd18
fea49449-255d-4175-8bf7-ad17720b9a37,9c808f8d-bbbd-4056-be48-897d2ee264bc
3ecedbb7-1d6b-4483-8340-39a728c33188,8b69f2c2-727c-48e0-9a7c-e7e7e39e6763
45eb20cf-18d9-4ec3-9a85-551685c8fb38,2d09cd89-a20e-4732-8d26-a843f5e9958d
64055766-50a9-4833-b38d-9248f96a9717,9b3a4a5f-cb82-49c5-984b-8bbd3167cbf8
02f83cd8-da31-4773-9367-52918d0ac15e,e91d3114-8070-4aba-a449-1177896a3434
7034f59a-130a-464c-abae-d881c6a504a9,a9d60129-656c-4f78-876a-aeab8191989b
436fad1f-8639-4d53-9294-ff40712085a0,363a7330-6602-4e58-b785-9e5bc0ea06a8
af96a3d0-7880-4457-be28-5b81f5cfa584,8e013318-ecef-4099-80a0-b24afc9555b7
65105bdb-0e5f-469e-8c0e-3f211c563dac,0d064ab1-56c9-4449-9374-9f5c042b5ab7
4b475b8a-8657-4326-b962-79cec9033d84,53dca308-7ce7-4e65-b63e-9a2798486ab9
cc4b53f7-c050-4af3-a59a-7baf31747e42,cf9fc02a-6fcc-43a7-9c57-bae9314be48f
4ec09746-3694-4f0f-831a-42aa30bf567c,7bec05b6-f9d4-4e6c-b08e-6c9c2612932e
a25b3581-d0d7-4a87-ba9e-755a4619788d,ab056a47-eba4-420a-b8a6-24ea0125d87c
2814a499-b139-4fca-b242-6eb43a9f3b77,bbac7f53-32e4-4e42-93ba-956931a64c54
4c115ac6-5731-4c59-8c63-20271ea74f42,38186e89-bcb4-43b1-aab6-ccc0d0770ac4
04f4144e-bfcb-4a13-89c6-ad65084da59a,5d8f4ada-2c1d-4e30-86b6-8df9c2b45bda
b53d1eb4-1ba7-4e46-acaf-13baeafbd65f,67257c86-3c97-4b42-9f99-d8fb7a3e84e3
bd77f9d4-90e4-407f-9fed-f6b5fe0ffc77,ecd04884-7e25-4ff2-b5a3-915b0bb81d54
820a4613-ac87-46df-b95a-b342b42096ef,1f6680b8-2e4f-4870-8387-8daf8a916a93
8ed8e0e8-4869-47c4-8d3c-7748761b5a50,25e3eb7c-c173-47e3-8947-cd915da23505
5541e5d1-92c6-477f-bf17-69d99ab88677,c1afcd9f-96bf-41a5-ba25-af04f6124ba0
09a3a388-7c33-45dd-95b2-4fae380e1b77,e47378a4-3627-4ec0-80f0-ffe5e20390df
c6c3ce21-3bb6-4421-90bb-b4f3a9740896,46b9f748-6eee-4109-83b6-cdf27b7c2891
7975bf6c-206d-4d28-8cce-c240db319449,61be3cd6-3bab-4ee7-aeee-96ec097a776b
5b8a284d-b5cc-40c4-b6f8-498bd1a65f08,349c0dbc-2b33-4551-a375-0a09ffea093e
52362183-2937-4242-a8df-48e035b63a76,85a14f17-99ae-4c85-a20b-dda42eae0ae0
104042e0-c93d-4a4c-a873-d6d090fbeb8a,1216cbb1-099d-4536-a1c7-0cb33b8acd16
c4e2aaac-0e62-4aa8-9404-52334e82df69,dc93eea1-ead1-4191-84b8-0dd0bb25badc
80094ef7-5057-4b6c-ba50-2dd8a56498a6,943dbe89-5e78-4d64-aa1c-210be6d06fc0
c343218f-bb6c-4e14-b455-c506f528dd22,1315831a-0869-4b26-89b7-29cbe3c9d25c
41654147-d1f9-4865-9aad-f6991dc66271,9b3ec5c8-79af-45d1-a16b-eb268f19f303
8cd51662-e1e2-415d-9ee1-c4798f8f2829,e794e62e-aa8c-4971-8579-836602c661f6
3d95675a-60f3-483e-8b70-ef8a7e7df069,03db07ca-e58a-46b2-a46e-8bb1aeef50bc
ba3f98ab-f559-469e-92d0-466995d5ff2a,c5e9b019-e1bf-48e6-9213-780f3204bf14
f53f3f68-10f6-44da-b5e6-fef0d4507584,bf1acb2f-9f71-4ded-9137-b69695bc2a58
56ec14e2-51ef-4225-bafd-69a4dc3a08f6,033ceaea-5339-4949-9539-8e8885e37768
254af005-0617-493a-985e-9f3c1f69a557,f955b442-9771-46cc-aedd-4d5310c91f1d
59193400-7524-4d92-b8b4-343d2b7e3e7e,77ac32ab-0f84-43c7-8e04-399ba91e9a06
d3ebd97a-48c3-46c2-8746-16a00c7a7a14,e093db43-a05b-4e37-b393-76d4a5c85205
b3755651-6710-4ace-be8d-591618b70568,6c6bdc50-8fcc-401f-b4c0-a40566818184
e2deaf8e-6142-49de-b0d1-ea15624807f4,9e1ebe7d-b448-4a02-a180-62d688ecf382
682dd829-ecc0-456d-aa40-6415bb97601a,a2064035-2995-4f2d-a258-484844990739
9658851c-7e58-4b27-bef4-0124413b3363,277aca75-787d-4335-9b6f-51f6b1f4dd39
a0a6c7e1-21cb-4488-8193-c368163b72cd,0d6721b0-1826-4460-a48e-69db9adf7bb4
247a7e86-c49b-4024-b4a0-2584b2c8d61a,b1d1d956-2555-41e0-a345-43da96ff1018
d8eecd33-efb0-4059-be7e-0c81445e0994,4c8aac86-0fe5-48df-980e-5e828bc9cefe
b491ad55-8fc4-418a-8899-4685009c72b6,dc51c9f2-bf76-46b5-9d0b-4a8dd95fb8bd
4fe4361e-3912-47fb-99f4-6032054a5a89,121b2ca3-92bf-4406-a197-e63458b80e37
de3cf73b-46ba-45e8-b394-327e9aa606cc,3649e829-5291-4cb3-a495-7e8a8c07aaed
e41bd3a9-3646-4306-abe7-d50602d7b2e9,5fe60381-70c9-4012-9a38-33d9b0e9ad34
bde082d3-8a1f-4d71-89de-c89fb6afeae5,e04b1257-2521-4154-83e1-0ed71b5a9bc0
8b629ff6-f934-43f2-9255-72b4fea48092,015c8609-f0f5-4588-bc84-300510b54605
85aa8a99-f95e-41c8-854e-1c171adee0fd,9953a295-a6a5-4c65-bec1-a90beb7b1b0a
f3efd814-c116-4e0f-b6ac-88f33f4e2e17,4f4d5ea7-7753-46e6-9089-0203bf357911
a35f089d-96c9-4e26-87d4-cc679d083a8f,60270237-8052-42e1-bb1c-fc0855a54b9e
465419cd-d9b0-433d-a6d8-47f5564b688b,ba6499ab-78c5-4356-bb26-7623ab1fbee9
39361133-4cc6-48de-a4ad-c7d9f928c67c,d4f03155-ba7e-4521-bb58-35b6ba49f72f
2d48e216-65fa-4051-b5e7-25e43b86b033,df769d70-f308-4bf8-bdc0-0fe45d68f6cb
8266e414-ad01-4448-8240-dec09a8ab179,3b8e809f-6d71-4e32-a4c5-e0cdec9c1873
781c353e-7a66-4ec3-8ddb-3054a8406d41,fe5deb6e-ed40-4412-a6b4-f5bd8575f759
0e900409-848f-4360-a9f1-564860fb47d1,89d15a78-3534-40d3-9c4a-afac66d96a88
edcb2594-47e3-4cea-963d-219b7d270829,15eedb9c-bc16-4bbf-9276-3117b0ae0374
e85d0adb-2b53-4d57-b5bf-fa67518dd029,5c52ae66-d73c-41e7-b702-0645f9df183f
3e6dd0d0-a1d9-4bcd-be01-b778a07053e1,5631f2a4-cd85-4d5f-8d5b-f7d3984906ad
104051e7-927f-4ba8-9112-f06ccd8ff6c8,9c90d418-bd18-486c-9e52-0a60876445b3
