st_uuid,st_name,緯度,經度,運作狀態,GPS主機電壓,電瓶電壓,抽水量,出水量
ebb2bde8-b9a4-4f25-8fff-280ad5467bf9,水-1(Cat-M1),3e9e34ec-8484-4a10-8c05-cd68c1ce6696,5a36a738-ad2f-4ca7-9c4a-a90d05c68423,16f6752e-6528-43b1-bf05-927388326b8f,1c2f725a-723a-4469-93af-51b1b29b4e61,8479c964-7a64-45cc-bb52-3ce97b7f2843,01692e13-0c53-41eb-ab2d-e02b2b6b6547,a0654992-b3f6-4ae3-8c6b-1e25ad59cd15
c285620b-c829-4337-ba54-f52a0107e34b,水-2,eadc2633-fbe9-473f-a028-0725789b2f58,5ad38ff3-bee5-4af6-8cb8-891e9de1ba6b,4d998521-7ce4-41ad-b65c-203a71c10201,23c89abe-ca0d-4a48-ab49-ca63b1e76e63,967f9c15-b622-42df-b748-8441e626d699,c342d65f-2881-483c-a6a6-251898c68272,294bf0b2-48c4-4dc6-bf74-085eaf9a30d0
753726b1-426f-4e50-8b0d-4cc769bb5a5a,水-3,a6250644-112e-459b-b5cf-6237947cb22e,ac75d9e1-1b87-4b58-992c-da59d7a55bac,2bf9d1c2-5603-41d4-bd10-405d1cf8f36a,ba5c8c4b-0b8c-4773-a66e-fcf29dcc4ab5,31a406b8-0764-49fb-8fd3-afb1ee33b26b,6be53820-b3a1-44e6-9594-f9e6e7cc6989,4b92d39d-5512-4a79-938a-55ab0858e232
2acc82b5-08b1-4634-98fa-d960c6f29467,水-4(Cat-M1),80656618-63be-4c94-b448-9a4694aaa8ce,e0ff01ca-fa8d-4662-a8cc-fc589a95f0d8,e65d1687-afc7-4b75-ab50-92c950b76455,b04f7317-da5e-4ec0-8d35-a2e519b34e98,ff91ed52-6876-4c28-a594-2044d040fe2a,40556590-27c5-473b-a51f-4faa1470a208,3c2ff6e9-5788-4afd-81ef-c8418228b42a
22bf75b1-a868-4068-a761-92cacad91d5e,水-5,587c96c3-c37c-4ea8-8484-9e6492715221,2978d456-e2e6-4a88-a31b-3179ec9341c9,6cb92b17-b32b-4f43-8863-6a6a85a2f1c7,e5b5f119-00da-4f53-95f0-e603403f5a8a,034de9ca-ba28-4f5a-9650-10bdb3329d41,67bbe2b3-4a28-43ff-8bfc-9f9bf1d28362,141a6976-2216-47cc-9f25-27f02066697e
6f6600da-84db-483b-8fc1-b16bd03ee83d,水-6(Cat-M1),88e9d4e1-ede1-4caf-886f-c064402237dd,9b50f186-db12-47b5-843a-e769de051d1d,8136c2b6-acaa-4dd5-b87d-0ae57db50927,bba9afef-6b66-4e07-ac7d-f8b0ce072d6e,5ed7cfa7-f41e-4f34-9a7a-80b2e63337d0,bd410a0c-4e43-4f62-a47c-b7f7486a9f27,0c86ee72-9ea7-4045-9305-6188da7c8a01
83c61080-0a86-43d4-a398-7f0c7d0b2edc,水-7,e12e5389-ed0f-4653-b75c-9537f47d1663,2369c0ca-086f-4ca7-9dd3-510ada83753c,15011805-aa2f-47a3-8611-64e40e1cc808,64de760c-09d3-4409-9b2a-1be4db01bdc1,030bc411-12a5-4294-b2f3-171278cebaba,f9bc71ec-650d-4ba8-b69c-6b0ddf7a8e61,c32cbdf8-302d-4ba6-b674-949927e64576
2ca15e88-c697-4d62-925e-cb6e37151df6,水-8(Cat-M1),be190ad9-1f94-42fe-ac5b-5e2d464a84d5,a61de8fa-a008-4696-8315-39765d07a2d9,fc0e8d20-b760-4deb-bfb7-2f56d6406cb2,a5195d7b-a45d-4ba7-9d9c-b6a12ea917e7,bf52a111-41c8-4132-9d28-cd9fdfc0d375,28596f35-5311-4182-928d-30b9654855e6,ef34ca41-04e6-4a53-9fca-4330488f3e06
39ba6de7-a839-4978-b156-5c5fd584f914,水-9,c1072d67-5e6f-4a19-9f6c-d924e94b90bf,a4f0c061-4d56-40aa-8136-ebee564c11e2,fd6bded6-c828-471e-a633-5cd042624f68,ce07eef2-dcdd-4890-807e-7df4083e3c3d,ff11674f-3324-4841-beec-41731cf24b34,fba1091d-3250-4da0-bfe0-d12d070007cc,ae696554-6e51-439a-9864-fe2be9147135
e530b67f-5fc2-4870-8e44-bfe897994b32,水-10(Cat-M1),e54511c1-6cf1-42bc-a7d3-312d4f39864f,56f68d75-6aa7-46c2-a2da-fe4fc0281739,95874ef1-a75f-4361-a711-caa48dad0158,d0b69ae6-5d33-4f40-bf41-924b4c023a82,8d9c33ca-ff28-4826-9242-29c5dc923d29,49f7fc9b-1698-473d-92a1-5b1a9ea46eae,c7519c97-3d6c-40d0-8fee-ccb660594009
5e153f98-bc60-46ac-a12f-433bb4814690,水-11,0fae9556-cd16-4eca-9be2-72f2715bf01b,8da46967-8674-4dc2-9561-d417d5bf8915,dc715107-9d1d-4c01-b889-06801e4c770b,b8ce14ef-66ba-4544-b9b8-8321d4f9ab0a,87844f75-0971-43ae-9e0c-4de5df787864,cf92335b-ee4f-4c9f-a7bf-308852c026ce,ab7632df-cbe5-474b-aa3a-641aae667098
04a8b37b-8c99-4766-a306-e313f7be33b4,水-12,4a07aaa1-865d-47dc-b4e1-ba449b6ddbe7,c2d7b315-438e-4039-be2e-5f8470de1780,64599116-fd7e-499d-8313-1b656d711332,02ca5c89-71f7-4a63-8ed5-469ed9e8bb52,1af0dc52-436e-46f5-b358-c6cf570c2592,e5235024-3e4f-4526-83b3-4572d840a5ba,b99648b6-4707-48a3-b333-182cf51ac274
3f4a19ea-a8f6-4a4a-b1da-053a92d637d2,水-13,92d254fa-524a-40b3-bd32-fd967c9595ec,cfcb08ac-4469-4882-afd2-0afc5225c020,7ba9d09d-e472-44eb-8353-3a6d5a1ce303,6e10f6b2-411b-4314-8575-4ee1a5df7a50,2bec4c28-b3d1-42d2-a212-ded0ad8dc781,d897ff49-3846-4603-a574-f702789a797d,fdcf3264-f6f7-4b33-a418-2f5e680b82e3
3ece885c-76db-4d5e-a67c-c0c253ff5d55,水-14,09af078b-a521-467e-9bdc-aba5d1f20bf0,048fe2a1-7b70-4520-bfad-53a75bbe9ca7,c1ef80bd-03bb-4617-88b3-569f1d312548,803c7383-92ba-4eb7-af4c-8e757baa6b94,42a531d2-518a-46fe-9686-e38f5e337134,919f2ccc-ef54-4a22-ab2c-45e9109a1181,7a23efbf-06f0-47ad-a2fa-b8555d06fb74
6406bee8-a367-428b-ac7c-534272bac8ce,大崎一號抽水站,f169eb81-7cc7-472b-8cbf-f3ca377d4b6c,ce291cf5-9de7-4011-bec1-f78a3069a5fb,d60f9b00-ad94-4b4c-a1cd-f20824163315,22816bd9-1acf-4438-941e-a7824f8e082d,895acbe4-f1c2-4217-b5dc-20b6e6793ef4,9b4fb1ef-7a77-48c4-aa80-c46d5777415c,4a8c7556-3254-4457-b509-455b3b60171d
092eaf8c-2224-4fbe-afd5-f239ebc17ce4,大崎二號抽水站,42b0b0e3-fbee-4f8d-a6fa-813ee2c84d5b,b5428e68-af08-4a22-b860-a0e8e77955c0,04988f9c-52e7-4491-a538-d541f3ae7ad2,1a6924d5-d246-4ad5-8cac-b653268c13df,2e1f84ee-223b-4032-b753-c6f4668bda9b,8366b1e5-daab-44de-8edf-797490a5984a,e3a02bd9-cdbf-4ca7-96af-d1ceebd8c9e8
119c04c6-fc5a-4622-92f3-b4706cb035a2,四股抽水站2號機(Cat-M1),32b95d54-a341-4e50-aef3-96f9f9b99396,8928983b-9484-435e-a107-834da664c0b4,f798cbfe-97a3-472e-913c-de6eb1a2c27e,47b3e7a5-138b-4022-9596-92bf1c655a04,5f202dd4-60e2-4ac4-a4a9-b23f8dccaf33,1f7ba012-d0e5-4486-92f4-5904c808347f,73f7ee2f-b4b5-414a-81e0-d51bf0ae5816
0e18c05c-9d12-414c-bb5c-0dd040c897f2,四股抽水站1號機,58fadaaf-339a-4549-a1f6-9fa7f3a5ab91,eee7126d-2f90-47ec-8bcd-adbf7da6ffaf,65e2acc2-4dee-450e-aa9a-70facbed7f40,080443f5-d232-4b67-aa81-6c01ae66cecc,ea3ff14d-3358-4167-9bce-c69a6ff526b8,829c5292-6146-4d25-8518-0bd5661d04b0,0246ce34-bc3b-4832-b36b-97349f03ff14
df017fcf-a393-4d4f-8f14-a146416e2fa4,污水廠-3,6492a5b6-0858-4a62-8692-cc466415e9ee,25ba761c-8cd9-44d9-8b21-e7928445c2ba,2d484047-8449-4616-a2bd-f36c3ce12fa2,39f783ed-47f8-454a-b4f0-354b68b8e6a7,fb41f278-7108-4ae4-8e58-8d3308b3c1a5,cdfda74b-313c-413e-9007-a68cfe266778,0a7e81fa-72f6-484c-a0ce-37fb47e1041e
5e613b0c-5df6-4209-8654-c7d2e3aa0407,污水廠-2,673f129b-5f70-4cdf-9a1d-b5e8f6c8e74e,392fa3e1-60a0-482d-bf0b-63ac8a60604c,7e49e639-b2b8-46cf-a4be-919b9b131352,13bdc3b0-bff9-4010-97fd-93879557e751,37bf8543-91ef-4cc1-95f1-307e0fd95fad,03028f0b-7046-494d-b6c3-1bf4878a159b,fd9c269c-6364-4cc4-baaf-0b6a21a0525f
5cd19de4-13fb-4766-b66c-b676789f4e52,污水廠-4,e943aff9-0555-422d-8e09-4ad60e91badd,b0d20fac-18b9-49b6-a733-381af75e986e,d659bb6c-6f56-4a06-84a7-d7a384c01bcc,b710d27a-502d-4b16-82a8-313af41b76c3,ff3646b5-bec0-4855-bb52-e81d3babfaba,5933a1ad-e85c-4699-9a9a-aaf383575205,737db099-a176-4d51-b841-ab2115ec584e
9fbf0728-2a21-4623-9300-4da2c6d1176a,污水廠-1,1bf253e0-6ada-4900-b32e-e9913dcb8b22,95519035-3e2b-4716-851e-08bdae1450a7,3781f4c8-c47a-4b6c-a4e2-d0f06890c75c,4fade59c-c817-4697-a37c-39d4d67d2e97,d60222a3-1204-4a23-955c-37cc29ca3b4b,fbd800e6-d367-4fe3-bfcb-10e4f1d9f442,d3f67a70-a1c4-45df-9f3d-19077b29b6b4
41470e74-c74c-4be7-a51a-8f261cbd4b18,水-15,cbf4e002-bf86-4611-99ab-f79103db9584,311e9ba3-8c0b-47de-82e0-0cf716b9622c,01d8de94-4905-4a18-ad58-cabdd6330e6f,6653399a-d021-4b87-873d-fda44ace1f66,87ccab3d-0264-493c-970e-980ce9072803,d64ff600-2bdf-4988-b404-f06fddb8b9ba,6c1460f1-b4ea-4eac-81d6-75ac3c2ef734
8a91526e-4094-44e4-a55b-f56fcba1ce5f,嘉義縣政府_內田治洪池_移動式0001號機,69f4adb2-aab0-41cd-85b4-72d9e676d8b6,6b4a92af-b2fa-4629-8e0b-0a34fc463b52,,,8392734d-7ded-42de-bf90-26495621cd8a,,
d05fdd89-2d10-4152-b67c-5887698845b7,嘉義縣政府_內田治洪池_移動式0002號機,d1e1ba5e-e85d-421d-8b4b-db912928120d,22128b75-f5b6-4338-bf93-76b131ccd3ed,,,caac2838-ec85-4e59-a370-7b862d5bcd3a,,
301ba742-4286-4372-b4a1-6f4693d1ac3e,五河-21,225dff6b-a81e-4fa8-8fb0-b8eabde1c497,a0be0427-5425-4485-9b8b-a7eb592a505a,b0db8a24-1b8d-47c6-844c-80de7bdb8bdb,ab8950b9-0730-4b2c-8355-83b379267fe7,4ea6f2a9-c858-4eef-82a2-e6dab5d36dbd,fa28055b-cea3-453a-ae18-ab984cd510b0,43c67e0f-edde-42f3-9cfe-25b9fa4f8a0f
15baab75-384d-49cd-8431-ed4d340fd961,五河-52,cae0cb40-c441-496a-b0d6-36282a2d86fc,4bbd2d97-e0a8-4197-80d2-58a77882eee3,86155e58-e028-4b74-a994-a205bcca5082,7747910c-3094-4c88-8ef1-759a8ac566e7,cb5bf8b8-5153-44b5-bb89-75db4702262a,9d8bf9b5-78d5-4885-ad0c-fb61b0f74f7b,bafa1647-ed1c-427b-8c9a-5cca35d2afa0
3be18093-0939-4b89-890f-3ab9bebd9e9b,五河-53,b54101e0-5887-4c7f-b56d-fe8193082c1f,cb5c3ceb-525a-45e2-9c5e-9895ba0961a5,eb842146-fad8-497a-928a-00403c154e3c,7bcf56fd-3309-4025-a7fd-1b8324839af3,13a904db-9945-4638-9cc6-b6a537175d74,e3e78576-f2ea-49b3-b347-9ef0c8a93fb0,3a5244b5-8f38-4527-9dc5-ffa405d1b0f0
1a862e02-1364-4057-a783-1af246eff886,五河-54,4f2667e9-4a6f-4536-9a49-216b9e058982,1143b1af-5c5c-4682-be15-0b9511bfbff1,8c136b26-ec87-4f29-851d-fb35adce6d5a,0e4ff57c-6681-4caf-bfff-be1f6c4918a8,62f1299a-c81f-4c13-98a3-b583c3e28752,6f53c80c-cf47-439c-b525-bfbe3b5666b1,2272cf79-a588-44c5-b8a5-870485486473
909c6a3e-bfac-42dc-be9e-8dfbe8c0d9d7,五河-55,1797f2b7-dc36-4f3d-882b-98764875d7bf,3db82a3d-d45d-44c7-8dc9-4689fab3488a,e4cbbe9e-6392-44c3-a05b-10ed62e545f1,aef1f1cd-5ffd-4ded-9d39-6d196f32b351,b96e9e42-3f36-4b1f-9619-cb9ad509273b,ddf02339-2e2a-4a63-9f85-fa12394764bd,b67d7052-77b6-4431-a6a6-62380070619d
8317cfbe-6acb-47a9-828c-849629dea99e,五河-69,cc70eff7-88be-458f-97b7-9e4da44127d1,eb159c24-8750-4817-9f9c-eca9978bc324,0191970d-fe25-4726-9e15-e0f0abe355e3,fba4c350-ad49-4ac1-863a-8490369f1ae9,d246e198-bcd7-4314-ae50-8bf6d01cbdec,e2cc2f5b-5aac-47d9-bcb0-302896293bf0,a33bfa43-ebdc-4fdf-b39f-722487acdff8
f6ce8aa2-4edf-4375-a575-9520a6d7a3dd,五河-105,2fbe7a03-fab4-4cc8-975b-d403598a4ced,8ae01146-7ce6-4e58-b4c0-b39b4c3736c0,7dd29297-858b-4fff-a8cf-34a1599e9b52,39961c06-6fa6-4797-a985-092c196c30db,7361dfb1-cf38-4b44-ba65-6161714ec6d1,afb3825d-b4c1-44d4-bab8-cedb9cc7d99d,44f9e8c3-a5a9-4767-aa85-2d1d5d83c2da
97491e9c-7577-4fbb-adfc-6560426f7992,五河-112,575036b2-c4ba-41fa-8de3-7faf740018cb,db284109-d1ae-405e-ad69-57839196020b,84b6953e-dfcc-4e9f-a335-a972c15fb47b,7b8ee5dc-e50b-4125-88c3-d94e6744c313,640d6552-eb66-4246-a79c-7ebb846a38bb,8b3ea7a8-4dc6-4889-ad57-d801d1ade754,bf9f36fc-3f44-46bc-adc8-e30eb856dd64
76bc251d-a75b-42e5-93a3-99312ac6fa48,五河-116,6a343171-0fb8-436a-b94e-1b18117a316c,9a8fff94-0b38-4e72-9625-92ef760b881a,90fb0ca5-f344-4782-a49c-a36fbfe939be,d170ec7a-4f68-4fad-b7ae-7ec49d582d94,a379156f-ed38-477d-99ab-ef4887f89bb2,51a6342d-96c5-4a3a-881c-997fab6f4030,09306f0d-43ef-44ac-a480-4e320f7ec858
16989b8e-32db-4899-9010-4fd3c675d0e7,五河-120,e0d8ee78-8457-4ffe-bb1e-35410db193e2,9ce57da4-b8dc-43a0-9488-20e95b3e4023,9aee23f3-be7f-4dda-ae70-69a33489291a,51216239-a562-48d7-8f3b-a6d6c08555aa,520ea215-18a1-420f-b43a-cc2951c6862e,164835c7-469e-4066-a936-6f1f8a2ddc46,bed5f7ca-088e-4a83-9639-3bf942bb51f6
605fa2fe-4cb7-48da-8b25-70d68fcde72a,五河-121,62acc4b8-fc31-445d-9fb4-c589c617ad0f,de1d2a55-069c-46de-871d-e4c71b1cd046,5997ec7e-7b1d-49d7-a2d1-2090db13879d,452d7cec-81e6-40b9-894f-73ab2194910f,048dde79-ff9a-4f06-aebd-067fc2c70b30,82f1a62b-b880-439c-924b-5c15076383e9,486b6857-c8d7-4640-b51f-01070c17b921
dfac2889-c10f-4289-b280-4bbabc46a68c,五河-127,93328574-6cfc-4d22-b84f-54ce0cffade1,b6f49ea2-7f85-4d2b-bd32-ba77c56427a0,b6a250f8-a4bd-44f6-8875-c74776b4e080,b21dd571-96c1-4a83-8530-ecc5bb690348,7cfe1b84-5a56-4cba-b6a2-447ff9f29556,3c9a9d14-5af5-4910-8c9b-456b2c218db7,b7c9fd0e-57e4-4129-b9e3-cfe13a703eac
ce3bde81-f728-4798-a86b-65abd6ce92f1,五河-130,e37a8df4-3d12-4e12-9656-463225dd00c9,dd3f4883-f815-451c-9519-1429aea803b0,5ace0ec0-59ac-43f1-a2a2-43e4212d2366,bb07b9c5-4caa-4834-922f-643d2e7ff48a,4d7efc07-47ad-465a-a67c-b8ab1c52d9db,3a4ecf6b-b0cf-4899-8716-51a680e12db5,9d4cfae6-9b1c-4c5d-b6bf-b6a8db9372c1
45f379c9-5829-40c6-89ef-ba4bc13a8f99,五河-136,7ae55665-d1fe-4324-8bd0-1363b59d5d66,9d344a97-ff60-483c-aa38-a8102cdaf0a0,f51ccdb6-8751-496d-a5e7-e13f88c75b34,599ff067-5214-4af4-8f68-6362fa1034df,7aa5a77f-e11d-4333-bf94-2393f3297e2e,1d33ee52-cb99-4dea-9761-e23130b9c780,bc7a7ae0-b83b-4980-b4a9-cb05a6567d6f
16ab715b-081d-4f93-a0b9-a92ccc3a233d,五河-137,ad82191d-ecce-4c8f-a359-8fdcb5a93e38,fb680dfd-4234-4f4e-9983-d05da09e6b61,c0a6b782-8fd4-4f3f-99e7-4a8c087b3a78,2534b72d-0fef-42be-99c8-f102adf41341,b32d777c-feb0-4e6b-a57c-04b511a917dc,3d5bb974-bcbe-4f0a-aa35-e14842df7aa5,211dc709-5d74-4b8f-94e5-f81ced1c8e0e
2e812d3c-f086-4497-a8ad-cc2bdad3c316,五河-141,d952a69d-eb7c-4983-a90c-0d0c28905439,f709128b-24fc-4695-88a8-2b1e3434cddb,9fd160bc-ae2d-45b8-8e48-66933d3fac47,8537b566-99b2-4d59-8099-a029343d2e08,7229cab4-05ca-4ce8-adaa-dc04c1696c37,e18bdb0c-b419-461a-a7ba-55b80be190df,deff4b84-5e6d-434d-a21b-8f37f3c9fe5f
97b15b09-2f11-45a1-b305-d0c5b2765ef3,五河-145,3e00d6d7-0adb-4dfe-aafd-1e4e0ea8059b,e71b5e6b-5ff1-40fc-81c7-3e6f3b4d4a70,49fa1854-c79f-48ff-879b-ad9344ca8169,b2b7d20c-9ade-485c-852e-45789cb2e2c8,e62fddce-3af6-430c-a077-bc2d00ed81ef,8535281c-2eb9-4ad1-9666-fb5f95ab3603,93b52da4-c63f-4e0a-abb3-a207df960087
9611fc46-6d91-47a1-b283-e9c1f96b8203,五河-156,9f7dd42d-aa23-429d-aab7-b1b0cdd05b2a,0dacec59-fb87-4376-89cd-d688759ccd76,8695fc3e-81e8-4938-92f0-5e5d953e9f89,2470e075-980d-4cd4-9205-b8b0343c4b91,8bf76c1a-dd6d-4538-b908-b18b5d16c3b6,cff7c719-5426-4ee2-99bf-8be60a36b313,a759bbe8-99fd-4228-8f76-4c202a2c5e11
cb2f4e45-8dc5-4840-ae34-cd23a0a010b4,五河-224,b167999c-459f-406e-9e8f-16a2061c2b91,91ac6016-9733-4721-b533-acef950819a5,0e017c69-18b9-4dfd-b9d4-9d04e2b290d3,e1a6d65b-84ac-468a-9543-d32a037ac63f,dc824a56-4c85-4e76-9047-aaebdab12235,857b0a7b-6508-47bc-8478-4b90e4aa64e4,73ce2aa2-5f87-4b56-b022-b115fbc4120d
4aec3331-6a59-4549-93c0-d5add33ecfb8,五河-225,920b0888-b251-4cdc-8c75-23c740a9fdee,37cb2cfa-cbde-4f97-a1f1-61ba76515ad4,44991dab-e2b5-43cc-ac26-502e40d3faf1,0a7461bc-55d1-43e9-89a7-e6da59b0548f,9c0f925a-b85d-4e1d-8785-911052d73b70,4cae1822-c201-491b-8e8d-8bbf17da49f8,09e87aba-e02f-4ee0-9d19-f388aa35591b
aea3974e-1391-4f7f-aaf4-1291a1d47ff5,五河-226,f1ab38d6-9ab4-42c4-95ad-aa33e92c1d69,955f6139-2df2-4dd6-b7e9-97257b90e579,aa47ce58-4e76-41ba-931a-52583446ddd0,4af1ded1-f935-42b8-a6ff-114b7b03be8f,10d154ab-256b-442f-b567-c7e316e1e3f6,ba7d904f-d756-4185-b76c-f08fe1ad1feb,301d6447-1044-45e6-a57b-c54e5e0034e8
39483405-21c4-41a8-879b-91084e9593a2,五河-258,30cbd4aa-1436-426d-a69b-bf7c5b8c5357,c5008726-e3d4-499e-91d7-e0d479e7fafb,04a9750b-bf64-4471-addd-2b762f3be5f0,f7e7afbd-5dbf-44b7-93ae-dde4c73fc4ee,c68de4bf-5328-492d-ba83-f88fa4e831d3,1b54c4fe-2ec8-43d7-937f-624c7efb5db5,6f25b267-ccdd-4e17-bc71-76f712934cf2
3516d841-e195-4cfe-be1e-c523fa6e7e78,五河-259,a893c104-a02c-4c23-b763-07dee4e05769,59b21452-30b4-4619-b8b0-65aa08eb215e,b1db0ab8-7b5c-4046-97d8-fb640e75f834,adc02fa9-a834-4a48-98cb-3201431ae810,2c486bda-abc5-4802-aa8b-e5756feb0e32,066f00d6-642d-46fb-9a99-4aa657ab8745,69a9dda8-2cf8-4652-af03-648e65fbb3f1
24efbf3e-3e29-478a-a82c-b2c73c9e6c55,五河-260,19cff1ce-3e12-467e-a053-bee3bb2dfc0f,9dd21956-90a9-4625-b2f3-680ebc395183,cdebac0e-829e-49f7-ac44-f3a0c787d51e,33745dfb-1bd6-45cc-adcf-fcc65bd07753,07e65107-4614-43c0-8771-65a5d47940a2,2fc1ea5f-2bf1-478c-841a-792e1f4b2a27,2f344861-8330-4871-8aca-f2dcc3375817
02bdf1b7-27da-43ae-a5f7-94de2d2b6f64,五河-261,04825184-cffc-4c5a-91b9-f5683f09f4e5,f02f5dab-3e4c-47b7-b36d-f64d406bf35e,778dad8c-bd78-4c78-9c80-1c6426d75192,9a110927-533d-46aa-a20a-f8e987ee27a3,d315ab90-5302-4cb8-8604-7b6de58c9277,8f7b2246-d8e2-4c50-bf4e-8521b0cdc552,083b281d-2736-4038-bc6f-a6d668615a2f
dc51d45f-09a4-44f2-84ba-9a195026f730,五河-262,bf1ee37d-09dc-4f89-9bef-3fc53e3a1d98,1d541017-c8ad-40d7-a545-81c8b14a93fa,9c75bae7-c00e-4d70-9619-864582351cd5,f3d43dd6-d378-4e64-9485-f7f792e1cc3e,ed74ce7b-01ee-4080-a90d-2cb264027bdb,5d5dd886-6158-404d-aa63-5908d5c3037a,cf14596f-ad61-4297-84ec-c7b18a17bccd
526c7150-b8bf-4463-97c3-5b6d4fbf1e09,五河-263,b853318d-475b-4a3d-87f7-e77376ff449c,3bfbc6f5-6336-48ab-a266-88181480520d,2ad34d1a-2372-409d-83aa-4335fcd3075d,f7cf1f0f-954a-4e60-bf36-7192a1f187a9,674575ef-6246-448d-969a-c763dd00a091,06c028b9-1db8-43df-8745-f1ef9d2529a1,cab6b914-4301-4073-97ae-6db9c76972c6
fe781adb-33fa-4026-b3d6-4ed5ac0972c1,五河-264,9110bd4b-6077-4ffc-bca5-2b7d9c24ba7e,b1418ffb-bdcf-4d5d-a176-c703937a0c9a,de5711fa-fb2b-4aa1-8b20-53f4e920d8d9,42b6f2bf-b8dd-4c61-9f26-67c81152c3b8,cb5a4405-f381-4d36-8b03-8960e469d315,8dba5031-07a0-4837-8541-6f7bdbe0a4f8,60bf54cd-5b5a-480a-8006-9b913c95b161
e2eda803-103e-4ba3-b895-04094cee4db4,五河-265,b1116631-8c52-45be-8957-ea35025712ad,ed67c87b-e3d9-44cf-bc6f-cc0cff7519ba,af5ad3ff-6814-49d2-8690-69d6e1931ef5,1d222cbb-7d3f-4b2d-9011-95b222be1f0f,56a9da28-a483-4984-b552-3fb55afe66bb,07131e5c-7bd0-4506-8fea-61580395f3d2,5ef0ed09-6f12-4d40-9a9c-34f022a708ed
a7779d69-7305-4363-82e1-94a705aedbda,五河-266,327c334b-94f5-43b2-82a8-37cb8dfc829c,3df10d32-3232-4348-a9bd-a62aeb3fe67b,f24cd91b-762b-4e47-99f7-7e938199bed3,f77e8415-6763-44e1-95a2-c0dc75b06fdd,7d2e27ef-06d6-454b-9d2a-5f4c292419fc,2c31a49c-7640-4fcf-be52-81892c521d58,8b1a3ddf-37b6-46b5-8a55-1636bffe8fbc
6af8dbce-cbf2-45bc-8647-baa1362f98a1,五河-267,ee4b260e-3d07-4b3d-bddb-98dc540439bd,9b8f4a39-226d-49fc-9388-57d47b999374,351710ef-8e4b-4d39-be66-cbaedb3cc815,37573d2b-71ad-430d-a3fa-6f545e59efb8,89ecc81c-ef49-46ab-8ef0-9532e4e55c3d,61b0b9e4-ac01-4b1d-9350-f32878dd862b,ac8d097d-871d-4429-930c-3c224f819138
c32f779a-d7c7-41de-812d-e6967afbcc2a,五河-268,b96a201e-1ac1-4163-b8a3-4a004efd8e3a,2ccc8b2a-b9b0-457d-a7f4-fa14455c78b6,2960db34-a138-401a-8bef-86239f581f4b,cb15b686-443b-4a0a-b733-ad84e0ffa89b,33ad43a0-cfcd-4f0b-9a38-0ee824fc38b0,b2a7b651-195c-4fea-8e77-901db5fd206e,a1686476-4ec8-453a-b59c-23f65c83aa34
e7fb0c63-b605-4916-856e-d8e7896874bd,五河-269,7e414643-e671-4fb5-9d56-e650755148b0,eb04f92c-dae5-4cf1-be7f-136f2b8a83ec,1f0d8f58-b4c8-4e26-a2c2-6e816fd7b7e0,6d8c3cc0-c65c-4942-b9a9-59b2619bb495,050df1fc-ffbb-438f-a8d9-927d93ea7963,52acb293-ae45-4cf7-9ee1-4409d68a43ad,33b2db07-b1ed-49c2-b87c-2c214cd2ff34
e8f0abfd-7dd5-42ca-ae8c-b3a784d91984,五河-270,dfc8b3ee-6cf4-407c-959d-1c41d79b38a3,9025fb9d-fe8f-4e77-9299-343524835a86,1dce0abe-5be0-4ea8-a866-beb88a87fc1e,3aa0af34-ea1e-460d-a0a7-ccad5a7ec30d,322beb05-844a-4878-996a-78635c8b3df0,ba1bf147-fcdc-422f-8139-8b08558066ca,e076462d-441f-4272-b0d1-1b306c8bf495
b9f84f6c-0972-4e20-a16b-007ffc19734c,五河-271,446cf2a3-98da-4b9f-82b9-d0915f7ae496,91765700-5250-4719-893f-9871cd0f2266,88836f4a-ca3f-42d7-b40f-76f97a1833f9,0ad4578f-a7e7-49f3-864e-ce8a6c551940,eaaf4c2f-c05a-4ead-b4ab-5c58221169b1,02a03806-a39c-4833-b968-872047137e25,ca014a65-36dc-4cf0-a1bc-05c28bda14cb
9f6c2217-268d-4f43-9a46-d7159c853f55,五河-272,6b6082c5-dc63-457c-b8b7-7f6da50f9869,a5cc99cd-259c-4992-8b23-1ce6cf019fc0,b6182b2e-4cba-4131-8e38-034f2d23100f,aa2c2945-4eaa-496b-99a2-5ecee562f2a7,49fb2363-587d-4c9c-bcc2-6ef20db97540,6d5bb7a4-f9ff-4363-ac3c-9b4d907e53cb,55943a45-4400-406f-806d-020ff9fdff40
ac38cc3d-0a7f-4ca9-8518-eec11c06ed71,五河-273,8244e9ab-2129-4a68-98a3-121d264cdf7d,e8b3d109-32b1-4a40-a71f-7814edfcbc96,43f7ba04-9b2a-4e14-983e-362fef63619e,1143708f-bbdb-4fc9-bb0e-1f52daa6f579,eafcbdc0-906b-41c2-acde-086ba3cdc88f,568426af-4770-489f-b5fc-147a57b5333b,bff8d8cf-d0de-4460-bda4-8a243c9bf5c8
c0569e2a-2a74-4a34-82d8-781d18a439f4,五河-274,a24231f4-6fc9-45bb-9eb2-f8207ea67003,0afacc0f-18f7-4255-9a0a-be5e5c06639d,499f5b75-060e-45f5-8cc3-bb8b6d0484fe,f5d4f7f4-5155-4cad-9623-289ff3437609,3ae1bfe5-aec4-443c-b8a7-efba83eec8b9,ada0d14b-7d9d-4b25-ad3b-aea077a6233e,81367e9c-16a9-478d-8833-8b913aa53e8e
b5a63e73-097f-4dfd-b0a4-d5d3416ee191,五河-323,2b0ff963-7913-4b51-aade-fc1f603f9a1c,fbd58877-3971-421f-a77e-a6272a181288,5a2b059b-88bb-41d6-a782-fa5925cb237d,327fbf02-392a-469f-998c-b04f711f8d95,90811f29-82d3-4b1e-9f97-d540c49f7389,c5aed090-7823-4c38-9792-b7a5531178a0,2e70ba0a-00b0-40f3-9738-9c6f98cb51f2
2f243489-79e4-4f19-82ea-e0217648350e,五河-324,acf5b1ac-dcac-40c3-84bb-d2a57f892c7a,74d324d7-b693-44df-b3e8-36679b688dfe,544b2868-097b-4f7c-9df0-871e59944032,fa3a0640-0aa3-43cb-80e7-17bf3c2a9864,b784ac51-580a-4899-a6de-5990463e53b1,ccf7b324-28e5-46a9-a14e-033f3c4d83d2,2a09ca75-c38b-4978-8118-a520bc9c8f8b
44673a3f-a593-4632-8d41-fa9e726b1e6b,五河-325,2f6f8ac6-6904-4b8a-bdcc-640eb120c924,16948f08-c859-4d37-9349-1f81573301eb,3b99f776-1450-412f-b232-9ea59cdb5e85,1ddf8596-b4fb-42d2-8c3f-6f157ce639c9,04a2359a-6cb4-4586-841d-9a03a336a7bd,c1047b67-a4b1-4754-b5a0-dc3e6ab9f081,c5f5d349-5f46-415c-9f1a-8f11450c8604
4c95ca05-b6d3-48fa-b293-75bd50b5db02,五河-326,7b66e90e-7aa7-4cc7-9576-48019dc4e62a,6f7f952a-4462-406b-9c27-66b7ff7027e4,a373165f-c502-4627-856d-838fa757552d,029880bd-01a5-4b6f-9f4e-8c2288ef94b9,be29e415-70d0-4d19-8097-be6ce934a2c3,c6e342c8-a067-4e25-b16e-7ab20a13a82a,446d2701-6b7f-4cc8-96ee-059b673a26d6
97fbc389-37b9-4071-81de-2d300a517d2d,五河-327,d33d1d41-026a-4768-bcbc-637e0f162cb5,f2fbb16a-df10-4d50-9a89-7129c35f7ebe,15f034d5-91b2-4233-8b8c-e59468ec5697,0f0f1d47-f958-4562-b310-cb3fce35f8dc,084a0d06-7bd5-49af-8fc8-b68c48fdafa8,d43938a1-d25b-4596-a70d-d30ca76250a5,62302dcf-fe61-4692-8e84-3f19a29aeac7
45d246d4-63e2-41ce-9bd1-1fadabf4d7a7,五河-328,89f16d31-e4b1-4fbc-bf2c-c3d6579998ee,4e9a579f-bcad-4f97-a026-7dec8f1f1f68,3ad52320-2b26-420d-a46e-2b48cdc7f63d,50e10a2d-a99f-4c3e-b6c6-8af9dcaa1a15,9dd0564e-23f4-49ee-ab14-56718acfd99e,00a12d0b-9aa2-4e6a-b3ef-7930fbee747e,48f04d9f-7af5-4c2f-95e0-201d11af9a58
5bc9482a-7e8e-4475-b271-984a00481a39,五河-329,89fb90cb-258d-43f6-92a7-9e60849e2a09,9a361ad1-0c2e-49a4-b46a-dae65227f887,5fc9de4c-f6cf-4f4c-9b98-fbee10aafc38,8e4ae38c-9969-4708-9178-ba06ac9e677a,48865287-9287-4972-9894-90e236133349,a3ed84d4-3ef7-4182-ae1a-2ac988bcc49a,21561f2f-c9e8-4660-b16e-1d0f27effd13
df9f5fb2-30f2-4a20-bc98-7bd63626d453,五河-330,3ad95640-a82a-4abb-ab70-66b548524ec1,c0e3f357-8658-4810-a7a7-05216c9d8b8d,1de8fad2-ae4d-4e45-a344-f74c586b849d,b5fc6323-f8d2-4e16-bc8d-5d31a70c5a8b,9701b681-9349-4e05-8ed3-91ad42ad192f,cb9a9e0c-0fdc-433c-9546-b2569ce943ae,39d21656-7c74-4264-bacf-3643a88071e3
6a29bce4-72ed-42c0-9965-b35f73215d8d,五河-331,592fd288-c75a-493f-9558-ab5df4e773bb,09b516cb-cbbb-4388-8d91-fb00cc536645,fb3ca1c5-eff3-4891-96e7-62de792a2508,f89355b3-3867-4d93-b5a8-ef8778998ff0,2ae5186c-b4da-4506-bfd5-f8f8ffd2f5dc,f0505ee3-4e34-49fd-8209-797b1f1de037,a15d43f4-19a4-45a5-9338-30d77a7f667b
23d04a37-0f6f-44eb-98c0-8d75d92429e4,五河-332,daff5bff-3fb5-472a-9434-bc69d4a3152b,2b7e06fb-dfc9-42c5-ba1d-b79f1fb59a8e,0709d9f6-ae86-456b-b20e-6e0eb073333a,df12790e-4c1c-4919-8b66-86437f9b77ab,811e9242-c217-4667-8a97-b647cf987c2d,6d5445b9-ab7b-4e31-b38a-b11be48fe247,318f7135-3186-430b-99af-14d638bf924c
33c55564-83ba-4606-b064-47e62bc4105e,五河-333,0ee2b871-c67a-44e5-a453-24a4be0822ad,b14e561c-3e60-47a2-b60f-06c71a512f3d,db63b7f0-e55c-4835-bc9e-f494d3bc8115,6dee0035-ab8b-42b1-9f54-b6057a5312fd,71f60462-a10e-4b80-987a-986b07abc370,c0d38792-728b-4c27-967c-a2f0314bdf68,e28e64ce-1ab3-455b-92af-c502c72313d0
1f8db249-b4e2-422b-b75f-2dfa2fc8be56,五河-334,943ad705-22ea-485e-b22d-3dd40669daef,2c228e6e-5429-4a8a-962f-a092aea805d9,06fb2405-8126-4dc9-aa9c-8ec8403f13a7,ec0b6bc1-471a-46d1-93e9-c7a53d24c689,df28a39b-e7c7-4900-a7c4-7c64232ae11e,4da1f95c-c655-4e34-b0c3-8cb672122834,ddd1ffc0-248d-4108-82c8-3ff84a821fe6
3a733438-4d7e-4ea2-96da-83d860822a1f,五河-335,a26134c7-21dc-44d6-b887-5097c13a5faa,f5079dda-7d54-4bb5-8f9d-13ae71ad30bd,e5ac22a7-6b96-4f9f-b81a-39c7aeb12331,dfd47624-2324-4629-bc0e-f1b52fea137e,e9db6799-9728-42ab-90c5-64be79d782a6,796baa5e-5483-4493-87b4-55b0994c31d7,f9f4510a-3e07-4596-ae97-3f8b0c6010df
745d4f70-39f2-4d2c-b935-41e0ebb0d494,五河-336,b321fb88-a6a4-4379-8691-85498bdeef96,947e6c78-5b00-4d4b-a67e-958d3d2cedf0,0a20df4b-a291-411b-aaa8-fe73cea404e5,f7bf1c2c-40c9-4910-a51e-2bde33e721d7,6532fffc-41af-4882-9139-cdc6697627e3,cdc8c460-fdad-474a-a5ea-f988ac863a90,b91f1417-f132-4f0c-bba1-2261809c9700
898f494c-41d0-422f-94a0-3285de6b58ac,五河-337,dd323906-026e-45bf-b79e-04515addce1d,9a065846-647a-49a2-9cd7-216fe8cd219e,9cbde2af-d503-403d-9d5b-3c5a0bafd581,8fa39c43-325b-4203-868f-ca7a0e25a873,ee845174-5022-4820-9df8-586a6f289ba9,666fe680-1f5d-4946-bb08-cc477225c2ce,3515987d-a590-42b7-abbf-5f58e121b88f
d29e9f6c-3296-42a7-9cef-65d6a4d78137,五河-229,994a6537-2461-4036-8fa9-e90e85b8b418,160ea48c-2cdb-4b91-bb82-9e0192df9c3f,a195baa5-2d44-43e7-a110-c40ab16494a2,f8be809c-e549-4e62-9f4d-6601dee3aeed,671aee22-e788-4c8c-997a-64c19c1a55f4,a918040c-a213-423b-a2a5-2c30a29defbe,a1d5bdea-9a4e-407a-9e52-e4548bb9079b
bdc1b407-2040-4a2b-a9c9-01db0dd81901,五河-230,3dd40137-b376-4fe3-a0bb-59a36f51113e,bd8e6984-7f35-439e-aca2-944c105f0ef5,59fabdfb-3400-4927-84fd-b60666a9b410,ba86b796-2134-4b24-a708-dadad78ba211,4874c9ae-af62-46be-ad53-45f13b3f93d1,011c70ca-c949-488f-9cc6-71a2280b27b3,50be868d-e269-40b0-8e9b-a6bacecdcedf
b8238a38-e0ea-4f06-8622-56912a815136,五河-231,5e6059b9-08d3-48a7-9a10-0f476f7797b4,df7211b7-6e31-48a4-a14c-c97b7e2d9a22,f7e356e6-6d11-451c-9766-36a7716da362,bd819696-7441-49fc-a5da-023c417b255b,b4ba9375-956e-4d3b-b06e-246a5c28350b,4ba9ce2d-ff25-4cf0-86bb-47b8f166789a,b9dc8c0f-bbe7-447b-9b65-2b4595358440
b5c79639-3201-45fc-bb5c-9e93fef4e70a,五河-232,2fed9804-ffbb-4fdd-a69e-041de97aa85f,9f2fb02d-8eb4-49ab-a4f3-6057ec67d939,3f9c0547-1b7c-402c-a740-63e2705d61c2,3a893b74-e8e9-46cd-9a8d-e706cc800e68,3aee3893-2eda-49bd-a8a0-ba5a30a1760c,8db8afeb-4eca-4af1-b392-09213b1d7b7a,7da3507a-016a-4a1b-80f4-e7a40743dfc1
de8c7c6c-8467-45f3-aff5-bdf6d6cc1602,五河-233,9b3ed8d0-16be-4b14-ba44-de510d03eb4f,ffff07fe-eaf7-45a1-b39d-bef6821a3393,495f5ff3-5bce-4ebc-9fe5-420d6835ebb2,ef9812d7-ab0e-49be-bdf2-7b7d80a7ad22,82ec742c-c069-4c62-b2fe-a9d94337301f,21e3e69b-6464-4246-b1ca-4b61b478ecf5,82f85ab2-4e7c-46b4-9d25-7146dd641dfe
b46dfc38-6afc-427d-93a1-5aa9cf5422a9,嘉義縣-001,156e88ab-3a3a-432d-8773-c38f14f67757,206de8f7-2761-4cc4-a6ac-b09e7504d3f5,c2c05492-3b9f-4863-b5e9-d10c24bbd0bf,0e86ce48-90a1-40ad-af94-63ebf111503c,bb8413fa-8c3d-481e-877b-00fbdfed245b,0f29ec08-b20d-4f36-8bc2-49a35cbb20b1,1aac8083-9177-4171-922e-f6f2a33fb49c
f1b4ebbd-b00c-4f5e-bc74-39c5a5bd5a07,嘉義縣-002,cec5969a-50b4-4c28-9761-8cdecf73dc20,d384bf64-6090-4a8d-b844-781080154785,aa56986b-db9c-4c11-a63d-aebe826fddf2,e9b177ad-7cf3-450b-bbf9-4080d32c4a1b,f1ff3cfa-5fb9-4cfb-af61-1ba6f4b3d4b1,c13b24a2-e77c-4312-9876-27b2e2f68a1e,d4a34a69-bc89-4ff5-b910-320bcf6a917e
541c20c2-6b13-43ba-be6c-e8934175e1f3,嘉義縣-003,4364c3c8-dad8-4d43-b3a9-342c3becaec9,3e1a0903-6390-4bd0-9bd3-04f6a722eb1f,124f6907-b88f-44b9-9535-956d26da0d89,52ed8e04-95ad-403e-af98-8e7048b89411,2eb36082-5f7a-4eef-946c-a98e42e93cf5,3299394f-8460-4e06-b50c-7a79437f5e74,46d485e9-a496-4900-9705-d7beb163fb85
10352e3c-e189-405c-baac-f0bffb525a5a,嘉義縣-004,0ac01ea9-6bf0-4bd1-a227-a729f27e6b4b,0a5ae946-646a-4e15-b56c-df1093cfeb3e,f618b28a-8197-48c5-8c6a-88bb57e2d596,cd8ef2d0-dcc0-49c0-bd53-c955969b6479,23405c8c-3307-4fc0-afe1-22427646298f,0bafd51b-552f-47e2-ac4b-658d8128b2f5,0ecaba23-3589-4559-8151-a5293d06b8ec
ed78660b-2191-4952-be52-cc09cec07ad4,嘉義縣-005,7e6599f3-b1d6-43bf-a737-045691b78bdf,83eb3fa7-b87b-4ca1-b139-ee46c6cc33e6,57c40daa-a999-4801-90db-add3c02a636b,fdc2f344-8f3f-4116-83af-d8e3b49f7f9b,67edefda-5bd4-467e-b655-390f24bcd1d2,706f85f0-9154-427b-be33-1686410331d7,78e78a2b-57a6-4fd0-a8df-a09505349a5f
73cafa94-95ac-426f-93c2-f5f84acc4de3,嘉義縣-006,be49c666-a669-4124-b5b8-48832d1ffdc0,21ab6de6-f64e-463b-b237-60f76c87cc24,c85aaf5f-f48a-4c04-b048-69f5de4e0787,a88f79e1-da30-4f24-a51a-1cd73bfb4223,5691bf95-d103-4766-b47d-d446620ac52d,507e868a-7f3d-4a01-b673-409669f83e73,11ebfa76-d588-4571-b276-4e0689e83f84
5faff546-522c-4b65-a05b-7e6381dd3c42,嘉義縣-007,dee9c5ad-fedd-4f66-be21-c782772ae7fe,b61eb8af-7578-4dc6-b047-6bc759b754fd,95dcc58a-b00d-47f7-a7ee-65d7142b3800,5447dfd9-d7de-4067-98e1-c1690979d7e2,fa239acf-617e-4044-8b5e-8f34b9b8e56f,81a759a4-fdc0-45f0-a195-bf3b596f0a12,182b8ae0-b762-4098-9756-a4af64c47107
7686319e-ffdb-4621-b5a2-dc1e5d1a4094,嘉義縣-008,32b5c9ef-96b2-48b3-b9b8-d7648c635e81,ff37ee05-39c3-43ef-aa2d-25a173a2678f,248f4dd5-3cba-438f-8a97-ca10d9c388db,3fd5859d-c774-4f7f-af19-092d21943738,14eb1163-34e9-4e11-a94a-870cedc49cf0,9c49afc9-91bc-44a5-a906-6403b7a45b0c,76125b3d-a67a-4038-92fd-f7f921aa49a9
499c0bf0-51f7-431a-b4a3-a466e78d4b54,嘉義縣-009,9331223f-6343-4ce9-9c6d-b45f8ed87813,0bb27b35-191a-49c6-a519-e860b533553c,850805d7-0477-415f-9dfe-3e9ef9073546,b5c13927-9f14-441c-8411-e25f25abb4fc,c3a34314-1803-4524-97ba-0c8a475b2dfd,866655a4-02b8-48d7-bf00-b7b14121bef8,e88728b5-fb70-4444-98f5-c12996f4815c
554e9cbd-bfcf-4832-9a1b-8ee0851d45fc,嘉義縣-010,4db6d408-91c8-4573-b102-d0643a6b33b4,355edcb7-b62d-43fe-82bc-eaf49bd10efc,ca1ec80f-a5b6-47d4-9472-363e47334ab6,4a6cdcd2-9d27-4343-a17f-8aaa28003892,938b2761-a881-4687-9cf2-085b8f8ee286,d6c729ad-6a9c-413c-9fba-544871afe780,6e612fb0-3868-4466-9a5e-2ee0bdb4b789
b4f684bb-13ee-48d6-ad9f-b5157ce3fbb0,嘉義縣-011,9cfdbee2-3e48-41b6-a4e8-32755fe8c8c1,73250f18-2136-4926-a5f0-956ad82be1be,af147658-6310-4528-a400-bb5a17d9b7d7,3ca0db4c-46b6-4700-85e4-5b0c5b32419f,fb4f5c30-8e29-45a9-a811-f613047ba2c0,9a96972f-e06f-4472-aac1-606d7adc1ef9,8029932f-eeca-4101-ad0f-173ac754894f
8a41adfa-69c9-4082-9704-58842772b714,嘉義縣-012,322832fd-d395-41e6-9ead-bbcf28b0a3e7,841da376-9564-41fd-89f3-2bafce7b1453,f49f390e-a697-49ed-9e20-5bc5f288eaae,2cb7ff70-7e19-4bea-8d97-a6d6ea7c7272,92fa51dc-843b-4e8d-8e78-1938f6e2ce3a,95640c18-3ce1-4e36-af42-6562cde5d3dc,d4432fb5-309d-4dce-9aa8-bf659350a727
9757cf04-a3e2-4707-b89d-a1566b7061cb,嘉義縣-013,c40aebd3-4496-49ae-b8c8-fefc78b4e290,01914c98-1d27-42d9-895d-1acc2f63bfd8,c081ef94-20db-4061-978f-9f33862da777,9fdfff75-b8f9-4d76-b378-b507e4462903,d8afb2c9-6836-4bbf-9e18-3351dbe226ab,7801e1aa-12f8-43b8-b4aa-0d47118d5437,fed22fbb-b51a-41d3-9910-92e0743b2f16
d6f44f71-1f37-439a-bded-9eda5f262947,嘉義縣-014,bde949fd-9795-4cc5-aa44-972c430a36cb,48bc5231-bf5a-48a2-8bc6-7cb2b67fc7c4,98abddf0-54b9-41b3-a3ba-3dea0ab111e9,ed8b9a35-1913-4d4e-994a-d01f9550c606,248f22b7-fe88-4306-afd4-968476877dc9,e9919ee8-7152-4a5b-82e3-dc0c1ef10ce4,f10919a4-debc-4751-b493-fa410e183b70
592a78a8-e77f-4026-a336-fd49c1a4b2b6,嘉義縣-015,a6e677b9-5638-46b4-86f5-891c7a558169,41da22a2-e2f4-4ff1-9246-f67e800c580b,185670e2-4ce9-4602-870c-21117b92c935,9cd5bd78-cbf0-4f09-9e05-e759b1e2ab22,26f14bad-2578-4a95-a635-79e37d4b6910,856a095e-48e7-4da2-ae2a-fa428ae9e4af,2667bcf5-e436-45fc-9c69-38c1c7aa01dc
63a6fc34-b014-4c70-86f6-aee6be9e39cf,嘉義縣-017,243b3a0a-30d2-4e4a-8190-9e15c1f697cd,bbe22e20-9264-4987-879b-1366cb783636,c18f17b5-024f-4fb5-89b6-d778a074da57,68175ed1-e416-4ce2-b542-3142590395b7,829f2f95-703d-4bf4-9cda-62779d9eca11,e09a8c78-d65a-405d-9d99-59acf255e1ab,d4ef97ac-53d5-4ac2-b086-f050c992b171
c305000b-dd54-4d6e-8102-59fd02b2c87d,嘉義縣-018,c1e76e1e-fe77-4a4f-8694-23baacaf9cc0,bf1c2a03-9943-4d60-b28d-9c69b8670fdf,f33acf91-17ed-467c-9921-7b4f51c22068,ba0ef775-5c66-4aa1-81d3-c29dbb145855,b8ae822e-1a53-4da1-ac30-61b7e6b612ec,6c229456-0ffa-405a-bb62-749c174fbfbc,3e2de612-b209-4cac-b6ae-7f8c634c5b33
09a52e9e-3d6f-4207-87f7-5d43c6aad72c,嘉義縣-020,9ccce948-551c-42f7-8df7-48dd770c74bd,ef3c04f5-8883-4985-a264-793deca63b72,3988c6ac-6d25-4e53-819f-24ee5a79aaec,e0d84f13-ce98-4956-be77-9c4e2bca7141,66c07ca4-e2c0-4a28-85c7-f41b6b5f3974,88ad5113-f030-4c5a-aab6-f812ae9efd23,036302e1-de83-41f3-a414-c4b7e487840b
d96b911e-4302-40e1-abd8-daa439ff9606,嘉義縣-021,ba646c06-a0a0-4dd3-81d7-5ab7c9eea2d5,fde6fb3b-ee23-4741-b068-3f60cf5ed075,9ed1fa9e-1d58-40f8-b1ea-dceffc1bbdbd,4d5e5e30-75ef-4c01-9246-bca1d31d478f,6c4427b7-a7c9-4d18-a364-180e2d7bdff0,2c367140-525c-47f1-b8ad-df1e11451b58,0fa093c8-f16a-49fe-9535-e5e0d14e7192
e64a7db4-5be6-4af6-8af1-a158616287cc,嘉義縣-022,9ac02162-7e79-42dd-93e2-225d7546ee82,a4984a3a-41a6-4d71-9daa-5c3ce00e7f90,56ef4edd-2d9e-4fa3-9bf1-fbe3206e6ae1,ff1cc3f3-eb34-41b1-b29f-0ae5af5efaa2,995bb7bd-381e-41c1-9621-e87565298656,84f7ccae-9ad8-4b0e-9f11-0cf7d86416d3,954957b2-7a14-424a-9ab5-72c7533e38ca
45106fbb-d9e1-4333-9978-df93667dda3a,嘉義縣-023,45be2b40-622a-4e47-9e8a-66af78827d9a,3ff827c8-2642-4c90-a03a-1b67bcd21b27,b8d25fab-d5e3-47df-98e4-52d91b33aab8,19465cfc-2300-4da4-b1c3-cd5927542144,1f2dbd64-c1e5-400d-b1d1-e54f853a3265,3d9934d0-74b1-4938-bf74-785c362057a6,4750758e-9597-4012-bd9c-c3c930537e2f
e46fefc4-fd6f-40fa-a61d-7c7ffd4d6a4f,嘉義縣-024,a8a2f334-ed52-4c54-8d5a-1eec95cef284,b18dbc07-0558-40c2-a9ea-12d8755105f9,09edbccf-19ad-4577-a955-8cdf0f3e384a,55a5bf01-3dd1-414d-84a1-ac9ead1c0954,d38ada30-3f53-48f1-b4c6-6541199ef457,a4384b50-5dd8-433e-9897-8004219180bb,ae3efdbe-2bca-46c0-85e7-94a64fe686e9
ed835d41-cf43-4c55-973e-927570204078,嘉義縣-025,718c3998-6b0c-4f79-a95d-9887165d67d9,760b2b80-b177-4920-9e6a-0baac2e57e76,2e8ed555-a8fd-4cff-9777-55158982f7e3,46d6b707-da9b-4b7b-b3c9-1f8c0da991a2,abc672fa-327a-4dd2-b4d1-2607eb4001a1,66681048-6a94-4369-bf30-4e3816bb1173,72cc2ea8-4f7c-4145-abb1-2dbb70397670
a1575cfd-6e5a-4077-9e29-f27badc5a334,嘉義縣-026,47a121ac-2c21-43c0-81de-0f4b3dcb6b01,442d274e-7a8d-4de1-abb5-7557a3f3634e,ab99ffb2-0541-4bf7-b4ed-dec63c1b41eb,7fee20fb-21c0-4184-88a9-e2ac70dfd04c,9a2f92b1-efbe-4689-b9e8-4310077b9d29,446f6a5d-9056-466c-8483-079c5b7d763c,53e9f49b-b9ba-41a2-bf72-9f884e7c8f05
e953b412-902d-4b6e-a23c-97e2e02ceb8f,嘉義縣-027,e031381d-a57f-44eb-a969-f70c80ccdb0c,e804c341-a116-454f-85f1-22f818b6bd6e,a9adcafe-63d1-41b8-9a65-027508dbdfdc,318d7aea-cbff-4a81-97d8-57c47264b8e4,299fcddb-61f8-40a4-937e-2497e1ce70c8,ccf1764b-f331-4911-a4b4-ee32f394829b,ef2587ae-069e-4f97-a17e-7eefde21efda
5bcb21f3-167d-4113-a4b0-76242e8b1d4b,嘉義縣-028,61726ba9-e494-419a-89d1-071258e06ec0,62718941-ed52-47d0-9ad2-e33182e4a4f1,14866407-b22e-40a1-b392-d4a46e6bd89e,8e166f5f-0339-43e1-9775-d7a6420d1c56,1711f6ee-ba66-4103-9e2f-4ad74663e823,58f9abcf-fb6d-4d06-8e11-7c4a4e73c5da,68b5f599-180d-4511-aaf6-d3f69ee79459
8deb8c0b-3049-4620-9a18-498043d27855,嘉義縣-029,c8e7d5fe-d956-4ebe-98d1-de829e828fef,d17597fd-8299-4211-808f-2e6ea8f11a20,f1d9ebf3-e510-4c04-8605-372a18beeea2,58ef4815-e386-4ff9-b26c-72bedbd253c2,dfc813bf-37db-4c7c-834b-579017144975,bddad68d-8389-4d8b-8933-72ffb3763386,ce368343-6ace-4b5e-90ee-23948f51ac99
46e79c22-a951-45b6-ba75-f7a61d55f001,嘉義縣-030,f402d06a-f2ad-4eaa-b79f-767f46a7ba76,feada5c4-63b5-471f-b352-006f7b7afed0,49c68477-91a5-465d-84c8-3b0e496898a5,2332791e-e154-4b77-b5de-a4bac615825e,2f0a7a85-808b-4855-ade8-acf6719e8313,f8a974e3-6723-48f8-b3a4-480a5e31060d,feb17564-69ae-40fe-abc0-794119f0fc7b
40fbfbfd-0678-48c0-9a28-79c3587d3816,嘉義縣-031,130823d5-d51d-4852-a94e-ce570f488ad4,15754390-16aa-4c4a-8be9-ae0d82d32541,aaaa941e-a476-421e-8494-277d5c753c7e,0ece8691-36fb-4223-aa05-a90bf46a9f96,a3d5c7ad-e91f-4459-aaa9-d0223f4051ae,0d9b4aba-86ab-46b2-8537-294668502afd,16ebe95f-0a0d-4f26-a0ef-07ad82b3fe69
0d8a7ecb-6044-4ff2-a817-f3a0666edf2d,嘉義縣-032,8c139094-62f6-43ae-b2b1-69ecd71f5132,9fcbb19e-2a0d-4482-89b9-f3ad17e0c2dd,27a0f4ed-6662-4ab4-9a31-9d6158b160d1,f3546b50-bf8e-4deb-9109-01bbaa730cbf,57d46bd7-c572-4bf2-a07c-e8530b479d01,7cf5d5a0-bbed-424f-ad6a-ff2704e3824e,8f7b4156-d0d6-4b58-a67a-5d1089a41bed
3648f18c-a187-4f11-9705-f26f4bc79f39,嘉義縣-033,57e9ebfa-f189-4689-a5cc-b7657171e66d,53dbf6d2-1bd5-49e6-90b4-d9ce93757f68,5f0e317e-641b-4913-b5ca-80a477126a51,4c256141-130f-4667-9229-0a7137507ecd,b96024aa-8897-4dc1-aaaf-5affe9478b25,50b4f4d2-50ed-4017-b044-d5093c93527c,5b9fd3fb-e272-436e-aa26-13fec7b77ba8
15e83a00-b081-4abc-be08-f66f6395f70e,嘉義縣-034,da65b00c-75bb-4b83-8a00-05e62433cfd6,dbfb9add-0056-453e-ad9e-58334a1a45fa,204a3628-d696-4432-be4c-394d5f6cf924,2354ace7-5628-4f82-8d2c-f7e84c4068ed,ef5b7b53-8c12-43dc-afb8-c0fa6aa9976b,c866347f-9d54-414a-82f1-08e4f9e8d07a,dd31c96b-a6ed-480f-805a-40dd07898226
146793db-233e-40f5-8441-0cc5918031ea,嘉義縣-035,eb24ffe5-386e-4969-9014-8337cca845c6,fcbca1aa-c403-4d81-ad1d-5b118bc47242,e2c7baa4-87d3-4f64-b549-9cb9ecc930e2,f7696835-5131-4c00-b4d8-30d3db315413,4ee62133-23f1-4c33-81c5-45f699b59e4f,e27680c2-3189-4c13-a8ab-6903c20dae1b,fb923f74-4774-45d3-8bc5-06ba8abb3963
3fdf083a-cb08-4708-945d-92ae52399606,嘉義縣-036,4163d21a-729c-429a-806a-b4042ef5164b,3dbefbd4-5bc8-4100-a0d2-110b325ab453,9606496e-8a33-4f2f-9a6e-5b03d5ba2141,9e201f2d-4efb-4bd5-900e-63d9933f9286,12d21981-6c4a-4267-9dd8-81e1b417733b,2f3a428e-5ff2-46c8-b2c0-2739dc2f9d1b,46ac47f3-c11e-417c-89f2-068ead226360
41543823-f445-458e-ab86-ba6740216d35,嘉義縣-037,474fe507-2245-4821-8403-3cf1eeb7cf45,43182354-9f25-4c00-8ff8-975e32576ac8,8bd04952-e27b-40b2-97ff-a316a0794fb5,f4dc57c1-9882-45f8-970f-c84a73f5507f,37bc6254-5091-418d-b3bf-f62099cb3e0d,439ae268-eb93-4dc2-9da9-105f699cc122,4b5d3587-a6d1-4c32-b6a9-6f7212c82e22
ed73ac4f-311b-4773-aeb6-7d0567f68b8c,嘉義縣-038,2544bc5f-a0b2-468c-8e1e-48589b06a93c,23f1ceb9-4aff-4d64-8f7e-569d6d342e9d,866e5f19-4163-4455-bd37-ba4efb819fef,9ce95959-9e28-4bdf-addb-b3e027cd8180,0560e532-09bf-4250-b21e-1f780aea49dc,10f7ba4f-3843-4d42-861c-e6da44ee18f9,243b8883-b7f8-4c35-8605-234ffbc551a6
55f7e6de-a715-4d29-949f-0683676e166a,嘉義縣-039,cd04899e-3943-4d19-8119-89599c44fad5,d17a918e-33c1-43f6-b64f-e1cc73c4bb6f,ad4155bb-f963-4cfc-8fa5-550d5dfa1cc1,2392d300-52c7-48e3-859b-f591d8edd6a7,05d7eebd-040f-439f-afd3-9580f771e86b,bf35bb8b-1808-4f6a-9196-aa42ac4a18be,cfdaf558-45da-4ec7-b1a3-dc3a08377285
b0f827d6-c0d4-4bf9-b6aa-83d92ce54c28,嘉義縣-040,5ac62edf-d4d4-43fd-a130-71ce0bec19e5,57ebe422-231e-485c-9932-a9b5706d8f09,eb0e398f-533c-480e-b2e8-cccc9b7ac447,a51a0526-bade-4847-b2d3-78ba7f631bc5,1a71aa18-fe5a-4197-a70c-1bc769666cfa,5612ceb0-fb9d-4e10-b193-d0a1a38b7413,610db31f-0e27-4055-b233-72f13ff5b1d1
e8cb5821-373e-42ec-ac28-23296d996eda,嘉義縣-041,b6a2f8be-d79e-42db-8bf1-e86f8b9e8f67,c0d14568-57b2-4473-8559-fe79a43096a7,e04fa0a6-3d7b-4705-af83-a99e0a62e25a,002809e5-eb1e-4b1a-89a1-bf2e726393b5,48ba2d23-d1cf-44b6-bfba-d9e566154d40,b54d11ef-ee4f-45dd-a012-7312b57b95fb,c5e3efec-7e4f-45fa-a381-62d5e27b1329
95b8850c-9b42-47cb-a2c6-3520d07a19f9,嘉義縣-042,c60ef930-8e37-492f-88e5-ab47806fe4a6,d1585138-ccb3-4f07-beab-2e21dca97a88,83602e16-e83e-49e2-9df0-956d9a933158,8fdf0d07-6292-403c-82ce-cf598f2e2a41,3045a860-79d9-4a86-b343-8afad3f73824,bd2a4e92-1dbf-4271-92c1-22d36fd517e0,cdb5a2aa-eae3-4fe7-884b-23b87a6d88b7
7b698a05-a9a1-43de-b533-8b8eef1714d0,嘉義縣-043,af08346f-faf5-4455-a15b-8b7546cc12ca,bde549e3-5abd-4dbe-b8de-3e7939c7df2c,62d1bcf3-b804-4f9d-bb8c-bba23521aca9,e8d45b9f-d723-4074-b320-7fc508b6e44d,33788114-ae8d-403f-9fc2-7504a028f560,acf916fe-564a-489e-9886-8949075e28ff,bd08c2c0-0afa-4373-a94f-a9a96b474efb
0bf0b87b-8247-41ac-a9c5-40fb3cc4f6ee,嘉義縣-044,023d3b5d-5a1f-40b9-9ebc-c2bdd971e6ae,0179fdbf-011b-4160-95c0-6cfbba9d2639,7fe1373d-9d8d-492b-9682-719e7685dec9,ec0907e2-f413-4f7c-b7c0-d6d51dc57e71,c54d1852-dab4-4604-a8c9-bffcd54ce404,060b8417-db82-435c-ae53-1a33d8fd9182,05572c5e-71cd-4ea7-bce9-2945cd1bfbb1
6cea6ba9-b9a9-4bbf-992b-f96df380b452,嘉義縣-045,0a606ea8-3077-43e9-bd90-998a6347bab0,08d76ea1-63a0-4bc7-96e3-e5d0cbbe634e,582feb24-b1d6-445d-a617-ba3f8bc894d7,17940fe8-e1f4-49ce-b55e-b00c713b7f55,c9e07a71-f278-4d32-bf93-adeea67dc04f,0b9320ad-9b07-4d82-8e13-f9e14560f866,0ea71bc3-fc54-4aea-b862-2a6b37d87fdb
834f59ed-27ef-452f-ab86-2fd0c346d5ac,嘉義縣-046,911ebefa-d971-41d1-b551-846b3f2a4635,a1a67fd2-0854-4c39-ab4a-571755cbe115,ee67d435-b16c-42b7-a2cc-86e1dc878080,2fe15a6c-aa9e-4dea-a75c-0b419937c7d4,b718497a-69fb-4c28-848a-c4540bb44808,8070f71b-4ee1-4496-bc4c-4b778e865bf8,9446b88e-c9d9-46f0-9250-e41f8f665bab
bc4b33e5-205f-4685-bf83-545d8e6b7271,嘉義縣-047,6458f831-4bdd-4f2d-97a0-55341837ed25,6488a92a-3fd1-4f8d-909b-30042ba4862e,55570736-369b-4030-a7a6-fb6f7d929dc5,713de10b-25e5-4940-b13a-9b6a73e03bc5,b0cd705b-a1bc-49c4-90e8-a53baed8c8a4,5ead53c8-e6af-4701-98dd-0c3716864715,69c2d4cf-fa94-42a5-bc26-796caa8419b7
f56f16ca-0409-4568-a540-a69d639ca5ba,嘉義縣-048,be2e5961-3d98-45a0-8428-8ac3e6055064,c3cdbe66-e46e-4c1d-bbbe-4baf674ec069,d983e670-af1b-4570-ad63-d5302b2b9380,1812a00a-a8f4-4041-99e5-4435f84a5044,dbabb742-6468-4b5c-bd50-388f3b85788f,b7251b72-6df9-4a73-a15d-0600c543344b,c90b334c-529e-4c89-89ef-0a8bd69b6f26
3e7c0f95-6aa0-4718-9ea9-35c88a15e0b1,嘉義縣-049,b1ffa684-d7de-4bde-a851-cf431ef5ff29,befe2439-398e-433d-8b1f-aed7f3cf8285,3433713d-b2b2-453c-8a91-f7695d239aee,c7942366-ffd5-4cd4-91d8-08887e6dbb1d,d916a95a-957f-40a7-95a1-66de16ad0953,afbd8b2f-f3bb-4406-9d91-2fe83db54bd1,bfdd569a-b8a1-4b65-8653-06869083ff63
4341d490-93a6-4202-9b9c-5cd7eb706cf6,嘉義縣-050,de49833c-38cc-4be7-ae16-cb39a3db43e1,e0314041-0c40-4633-867b-30c15d1817ff,282cfe5c-8846-48e9-a442-f34603920c6c,aae78482-9a18-439b-a57a-edcd0b60295a,5a32534c-1761-4f81-867f-785ef850d070,ca86a2b7-791e-430a-ad3d-abac09697d6f,ec31e4bc-825d-475b-a400-213a9fb2f6f5
6a696edb-8431-4c31-9f48-4554459c0a05,嘉義縣-051,ea714d4f-f7f4-4cad-a725-73998044974a,fc5cbb79-6ed3-4a37-a41f-4198229fd46e,204ce15f-0abd-4089-b316-cadbf04fa861,ade55e25-cc24-4a37-ae93-8e9f6797d318,0e9bffe0-3eb6-4f6a-87e2-4eefaa34dee4,ddbfafdd-4dc5-49fa-b980-290d1d833a1b,fb79eeed-68c3-44cd-ab80-f6e13dc013df
3b83e311-8d90-4120-89fd-f17dbc42f373,嘉義縣-052,8ab5cda8-7116-4818-bce9-af4337de6dd4,91c21c73-c507-4df6-b4e0-10cd5d33a582,ed5128e1-281f-4f9e-8725-e06a930fe02a,c031ebe1-f4b3-47df-98c6-f012be6732ac,8f31ae23-cb21-471f-ae69-d835f0c1529f,78e775a5-5577-4573-bc50-8b040392e071,842f1a59-28ba-4284-a89c-6accb6f0fbc0
e7d761c8-d88e-4f26-99ac-a02574c232e8,嘉義縣-053,1401bf9d-1fb2-4e93-a34d-7ba1f528ea2b,17598132-1a62-45eb-bf3b-d7c9770ab40b,a856eaa4-7527-4ee3-aab0-0b9f6c1bbc89,9e2af959-d57f-4e56-8a07-aae29d4dcf48,5b27da64-6a08-4bb7-b60b-e7197410feef,0e91275b-f9a6-4639-9c73-3f9ab7bb8769,19cd0c27-08fb-45c0-92d9-9a642633bf7e
c573079e-07dc-4deb-bf2e-fffe0a9b033b,嘉義縣-054,74ec0ae7-8a2b-4360-92db-ec0895a160c0,77293cd4-05b9-4e5c-9b7b-928b4f1a84cd,2ff23ed9-da89-4f6b-b06c-d125aef140fb,ff0e60c4-43a5-4480-87a9-cfaa471df148,a9c4f66f-c613-4059-9387-4bd617c0ebfc,67ab4e49-52c9-47fb-954e-fd81f1cb4a77,75986a20-867a-4273-90b5-39a6691858c4
1cee66fe-64a2-4194-ae50-7954c372c2fb,嘉義縣-055,8bdd66ac-44ea-4743-a66a-2ae7344c0431,9f6d8187-645b-48b7-8d37-6556af5e6fce,cb7608d5-8cd0-468e-b440-ef1249192296,dffdab7a-63c2-40a7-b8c3-bfc797c2522f,89c4f3e1-9273-449d-939f-9955e0ae0cd8,7c59c1b6-b27b-4f75-bed0-86bd36217a5e,880014cc-638f-4a10-9e3d-bd513dd56dbb
688496c2-7979-442a-89a1-3b86c8ff8c44,嘉義縣-056,2ec93da7-2075-48f6-9320-5cad5882521d,2d506c1e-a07f-413c-96f3-7b50a1792f8c,4808cfd0-0639-4425-b05b-26aae01a69e0,380de9d5-2931-4dee-9998-1eb2a2c13a78,c7ac8ad9-2926-4c93-a6a9-d774b08b900f,20a0eb31-d28d-401c-9bab-49519d40b1cb,31eca43a-28c6-45ea-a30f-8bed24bdb6ed
5102f6fa-b7f2-4a62-82b0-8158b1836f9d,嘉義縣-057,6ccd5fa6-a9bf-4a76-9a3a-f615a73efd67,692fbb2c-f791-4a86-a49b-bafea0171e2b,23c2f154-9eee-4e88-9280-5279dafae0f8,985a6e87-d123-408d-8ee7-804c92672435,cc0524d7-d446-4b52-85ce-d136c79fb0d3,635bc2e5-d46b-4d68-a668-a12c92166ac7,6b8a8b9c-8102-4197-ac93-41419d22a91e
0ddc5c1e-a054-40d4-852a-43834bca4993,嘉義縣-058,026db7c8-af7c-40f8-af35-e342fc3e6eba,0345f899-a28d-4741-9437-af82f010273a,7b197f0d-adc6-4a9e-9e6c-6bf2e593ca2e,fa2fcfc3-f63b-4ec7-ac8f-586515add166,2d670d69-1c9c-4719-8b9e-1eeb757ec3e1,07d1a335-c964-4ca2-9519-9324296d3d89,08e34145-c342-4056-a9b7-b38c0a7ea32d
a03d2ff8-2b2f-472f-84c8-425bc4e9e9e4,嘉義縣-059,b68821e6-f595-4f8e-8894-bc92f1006ec0,c02a7d7c-a691-4d4e-88d5-5c3014dbcf2b,30cdd5ec-4f64-4371-9166-60a19fbb89ce,4b94b9a9-0fbc-4f2c-837c-13b4cc732a57,cbea9574-c848-4db9-a1a6-ccc24a0ad358,b24a11f1-7ce9-4106-90fd-ff0ce7731a36,bfe3f32e-4218-470b-ac98-9720cf1e9823
0bcbedc5-ffa4-4ec4-ad4b-1f29c0b95765,嘉義縣-060,55eb9e8c-4c77-40b6-9203-31f149d924eb,533f4bb9-276b-42c1-9df4-4e21b9df1ac4,83ba0760-e0b6-4e49-a1a4-51827934de6c,a8b67327-7fe2-442e-8219-0b0d6e07617b,4338c219-a329-4111-b733-1e7c8afc123a,5054d872-34b7-4dc6-824f-ff1570a82e4b,59f046f6-48ad-4b34-a649-d19d74ad533a
9880c1b0-962f-40e5-877d-1c6e2798ba6c,嘉義縣-061,f00f8ba2-e01e-4e16-9035-926432fe4e07,fdb490de-3120-46a6-8eb3-56488dd3bc65,da595ccf-ffd3-419b-815b-8ca741abd2ef,eef9a3ca-4d52-4bbf-af88-2a942fe9a557,afbf51c6-05fe-4680-9551-30c391cc315e,e78db0b0-8604-4115-8307-c50c4ce8f5e0,fce02654-225a-4cf5-94a1-25d0b1e0b6ed
beece7d0-c21e-4e1a-b4cc-d64ede8ee368,嘉義縣-062,a13150b0-c006-4f06-a3fd-59da55fd365d,ae4f3ef9-d349-43b8-96af-cc746054d0da,d627a50a-4556-49e5-bc68-84cc42d90c22,4005a4e2-599b-46ef-9d60-cbb1fc051ea0,f368c36a-c805-493a-8539-84a7ebd2e16a,9fda34b8-5944-4262-b7a1-67cbf25b3222,a8429e98-56e4-4573-95e0-62a42ff9b7b7
5adede35-865a-4015-8ebe-d4b31f441e12,嘉義縣-063,dc34764c-ad92-4dc3-a58a-465827e7d459,dc6c8416-d9a5-4af4-97ca-a808d222446a,032f418f-5f03-4b74-a193-ca3ea23fcbd8,510f5318-ff5c-4314-a2ae-23373ae33300,8c31882b-f59e-473b-8da6-48918b8f8c57,c970ed45-36bb-4bb9-85f8-0c84d27bde31,e82d24ec-9e90-4bcd-b516-0800a88e85b9
c57b0598-15d1-434e-800d-7c28fb110855,嘉義縣-064,f154af5c-833d-44e6-9a8d-97723b49e3c0,fe7e44ef-c870-42ec-8da8-97572b78ff24,168dbb59-4d28-4755-84f7-dd40a62e24d1,d5230a9d-cb8e-46cf-afe5-b3daf2e3a18e,6cf31858-6df8-439f-bb18-234777942bb1,efc49861-28c4-4334-ba1c-af61c99009f9,fdc1314c-1796-4e2a-b340-2f6be603a9ca
e03cebdc-60ae-4b5d-8950-ba01db465ebb,嘉義縣-065,7a82c4b4-294a-4d74-800f-a1199346977d,7fa5afe9-b4d8-4299-9239-f1e20ecc31ad,477df9f0-aa96-45e5-83e5-a9184d2d1d77,87179999-a765-46e9-8277-fb500d802043,42f13b86-f8d5-42dc-9ea5-e079fd081360,69828562-599b-47ce-ba68-177ae20cf2ca,76a4996d-9f7e-4274-be3e-5faa3205cda8
f94d387b-040a-4531-a4dd-84a932036dd2,嘉義縣-066,9e6b5798-aee0-4de8-8782-bb74b6302168,ad8a4af9-87f4-409c-bd9b-3e0c37c1766c,a553d0e3-f9e9-423b-86c2-62d268be81d4,95ca8ec2-19a4-4108-ac43-37e6a38bf368,b3d21418-76bc-404a-a993-a6f82cedacf2,9cd2e025-674b-459d-a859-1c497998e8b2,a83f2393-8509-4552-be41-71c97ba0cf14
90523d66-7e8e-4df7-9cfb-532fb77bf9c9,嘉義縣-067,3f085904-2bdd-4a1c-a821-42c8ba85dddd,39dde287-7e97-4717-a62c-c8b815d1a2c6,c80d8f75-b06f-4853-8c02-9e053644c6f2,b30c53e8-ff19-4624-94d3-b9107f6a04ec,c85771e0-ae89-4759-8a5a-0223745a293d,2d88ffe8-10be-4d7c-836c-34e188851813,407b1e63-b95e-4d2f-8eb6-eda4cbfa2438
0b6527ca-4a24-4ced-bb4f-64bd74690fd5,嘉義縣-068,6d1c3424-7ae7-4cb7-8301-75766f7abfd9,6d8ebcd9-2df3-4c68-ac1c-1a0886933245,900df11f-1f6a-4221-b574-409e5c0c23b0,de47291e-f633-429d-934b-e908946834f7,8c797aa9-8369-49a5-a9b8-5b654eecbc5e,63921727-15ca-4c28-92be-e87a37859d3c,6fb1ae2c-8f3a-4e88-85ce-01fc4045f676
775371bb-4504-4f89-9b35-9785699ff2a8,嘉義縣-069,3620c0da-4f7a-4c3c-a32d-07cb8c15dadb,310fface-1523-4747-a53b-bf14366c5206,ec07406c-57af-4311-96ca-91e559456c91,75f2cab7-ec84-4884-9aa1-d1e5b73f3353,7c1c4c53-bd3d-4f31-bc32-0202d3704bd8,23a59b60-e887-4b5c-b96b-4de6f8ded43e,393048e0-9696-4adc-b70d-c424971fbcb9
161babd9-471c-4afd-b205-8244bf6182cc,嘉義縣-070,7ee829b1-81aa-463c-814d-cfc8a1c57252,8dfc9a1d-cfb0-4243-ab9e-afb78cf40044,9adfec8a-c8ea-4377-858d-61b0524ec64f,deb4cb4c-209d-4628-bd3c-6a797a4ccb97,24d4a97e-b3dd-4665-b411-bc31b5c3dad0,74355a4f-346d-4e97-9586-03158d51a6a5,7bb48f6f-66bf-422c-9d75-43f4e6efb6dc
8bc8a876-2664-436a-853a-ac9dd011f56a,嘉義縣-071,06deb8c5-13fb-4529-917d-b622b8e0778c,08647c10-574e-47de-ac6d-9eca080dbb7d,2cbcaef0-465b-4b3a-ac4c-752940dd7780,3d66f965-fe95-439e-88f5-bac7c6935e51,f0c9b3d9-adf6-407f-b350-1cc4a573a5ba,089226ca-d209-4192-81be-3a0a19319e65,0d0cb58f-b178-4922-9a7d-a291ba2c4352
fb901c3a-f4bb-4bd8-b221-7810c58113a2,嘉義縣-072,96c4d5b9-bb88-4d6a-b9ae-70990f484b87,a32ea4ef-2450-40c9-9790-1085624fbdc6,9d9ca125-a957-464a-ae91-e03d4704caa3,a80ea84c-7e27-4ee9-8413-ef6e54c3762e,a3de839e-1bc7-4374-9054-779c28ab1bbb,8487634f-57f6-498a-ad8e-de5bc4fd1606,952262ee-5881-40e6-8451-d85ce7c6e594
df07def0-887d-4294-8f5f-f0f673dd16ec,嘉義縣-073,e251f889-444c-4f95-8145-e3ad602fbdef,f393c874-6d1f-4144-9ca3-f88b72ee4864,fb2aba99-6f6c-4c9c-baca-5872beb2d752,f7283ecc-7bc8-4e0e-a6bf-665cdf9a489c,d120028f-94b6-4109-8127-33961a50bf0b,d4cdbb78-f30a-4f2f-9529-1362b8455052,f3329344-96b7-4379-9d4c-515773ce2c69
901ddee9-185f-4cff-99b1-ebbe5ffedfbf,嘉義縣-074,4cf93e35-5aef-4f17-9d01-b6ee7ad16615,4d3dd8af-4407-49ee-bc57-19454eee1727,d6532450-16d1-4826-b984-95666ede6a48,359a62f3-42d3-437e-a62a-74cd9489a072,9bfc55ba-ed3c-49fb-b70a-cb3a44be9842,44c4b360-7c87-4eeb-8bbd-dc360bfd6980,55b84ad5-b016-4d96-b50f-0b36916af51f
7e5f2436-e731-4b31-b5dc-77bff2a28948,嘉義縣-075,f48bd1b1-fc5c-4ebd-9042-3e61c6cf3e91,ffc5c285-15b1-4f5e-973b-bf99ff5b75c3,cd8df0ea-e69b-43ba-8dee-0f14d899aa9a,3535bbc5-7641-4085-bce9-fd14ca66fc47,5d3f2f02-9027-47c8-bec8-5a9b7993b55d,f930cb56-e50d-4caa-a2df-22fbbbd6b0dd,fefd5e3b-4639-461a-b15c-c7fc47f87577
f2079bc9-7720-4689-9285-eb72316263dc,嘉義縣-076,32e09365-ebe5-491c-81f2-61d9730d8ff7,2eb92d51-d7ef-4cbe-a97b-dd2660fbc966,2d1bcd4d-30ff-4d75-9e7b-9420f90af8d4,98c1f69c-a3c0-4aaa-ad1c-103a6eb222a0,95509dba-2b71-4328-8879-5b43fb6fe74b,220c712d-7f88-4770-94d3-107063e2df6e,36e59da9-e7cd-4cbe-ac84-c04444ecc9a1
5bb5d51a-81ed-4904-a449-6ec802ffe020,嘉義縣-077,9daff18a-d0d9-4a90-a058-95a4da7810d9,a9537ed3-b2be-489b-94a1-f67edecd3fb4,1f9b383b-e31a-4c72-80dd-8140a222edf5,e3fc9ba7-338c-44eb-971f-9e2979457fcc,0ba252f4-81cf-4412-93b0-2bcedecb7624,9b80f451-644e-4ac5-9147-e67575e91933,a0248200-6bdc-4b00-b9b0-1b920a9b6903
9cf1e6bf-aac4-46a3-8b79-44d627c33ca8,嘉義縣-078,4571e684-c850-413c-a965-0edab231d54f,3ec144ee-3871-474e-b272-7533dfa1a031,a9aca3ec-4e1b-47cf-b251-5e92799b635e,e6a6d580-246b-4ac4-a01d-ea6b4fbfc14c,69117cf2-e129-4d48-956c-78b4d454a21c,372175ed-1e09-4a5a-82f3-af7528f320f2,46df7974-5adb-483d-93bd-eb2f0e6059d1
479e2160-695f-4545-a172-cd8021b38312,嘉義縣-079,b137b3d6-b196-4f4c-89bd-02cf3a88629c,befa5551-bf75-48c6-9119-97c5836fd718,db8ad61c-eeff-4768-a71f-87e9628c9d2f,ed6ec2db-2d4d-4236-adf0-8c6d7fb52a3c,412ef26a-54b2-457f-ad54-98ccde075833,ae3b5d81-a6a5-41a4-82f7-8da6a38dd9f4,bec90780-da52-46ed-9eb1-a903886d1245
b1107d8e-a218-4554-b856-5f81e22d30d6,嘉義縣-080,9cd7a981-9f35-4c84-a2f7-39d048c4e75d,a694de55-f5d9-4fca-a55a-1f099a36f620,e01ddb21-98ce-40b5-9abf-1c1f4cf3e207,f40eb8d7-0fcf-4a04-bdb6-d46dede7f094,dff3729f-f176-4d3b-afeb-80bf16acf299,91005266-5b87-4368-80b4-53525593c201,9bf790aa-5d7c-4bf5-96b2-672d20baa1a4
caf46df3-9bb6-4a35-a95a-52cd4f2a341f,嘉義縣-081,d983a6b0-d469-4a4d-8b3a-219f7bc44dc4,dbb28ab0-2767-41f6-a8f0-d74ea5cb12a2,382b69ee-96cb-4e1f-bfb8-bb38d9790764,e52c0118-6c10-4749-a681-7c86698fd4c7,5df3fce7-41d5-4767-bc22-744b1f2bef51,c739929e-3f72-41da-8f81-b0e112797252,dc8239b4-cb45-4c2e-9bcd-902dcf54f533
8a150620-07a5-4f66-8c6e-1026f26897b5,嘉義縣-082,d26c795e-8b8b-4988-904f-076ebe9bbd4b,d483cee7-1662-4a5c-a6cb-8f4aee272030,e19b9697-055d-4492-9f35-b78eedf410c8,83fd1030-9b53-4955-a3f5-57e50bded0b8,93052700-867b-477c-86eb-2e9f935fd697,c57fd0fa-95d5-4d0c-87e2-7e5dee578d6c,db59a4ab-3b38-4798-8851-3339e36ded2e
31e35d2d-baa2-4a25-9dc1-b0d8a21a1cf4,嘉義縣-083,abbe4039-f643-48a7-85e9-f4db6249a663,b7b17fb8-2b84-4562-8612-902771761b58,00f20154-aed7-42c0-804c-ba5526535c83,77e9122d-4daf-45d5-8c2b-0e11ece79ca4,eb541d37-034a-417a-9283-140b20be2506,a9c634f3-f9ea-4de7-810c-01bb32d6894d,b986557f-e8c3-498e-ae86-d726dace1fa4
fbcdecb9-cb79-4c62-bfd9-8abdcefad1d2,嘉義縣-084,4f15f804-e10c-49f2-9f05-232e6b4aaf9d,504f7efd-d6ba-4c86-bc21-9f051fa2b5b5,235f95d8-feed-41f9-9c0c-d995a71525e7,e30d3773-08b2-44fc-9b7a-8f4a530929dc,6ccd340f-6737-4f17-bca7-c4461c4bf966,46469499-cf29-45d9-90b0-64aa14d29947,57d342ac-7a55-4562-9f0c-2c2d75f851da
96024c1f-7cfc-4a98-b112-34817d2a6e86,嘉義縣-085,e73e12ed-9e18-4a3e-8334-8909b44a5cc7,fa2691dd-58f2-42b0-a263-8e22055baa1d,d91bc151-674c-4099-82d9-6e54be5dddfc,252b5b64-c317-437e-a287-9a8db5599753,deb34869-a89e-4a71-ad8f-78667226930d,dc4fa82c-5ea3-40d0-813c-4d1aec53ff83,f7077f1c-bc07-4f15-baec-ef0eb726a675
7bb15068-6390-4196-9fe2-4ef262f908aa,嘉義縣-086,385d9afb-c278-4f31-a300-7fb5cdd6f678,38b250c7-3dc7-4d86-9040-681b69b53e63,41ab01b2-6c06-4104-8142-ffa2cb054efc,cd7a5a44-fad2-4290-a902-63816ce1c883,84a13e20-ba91-42fa-a821-0f8ca615bac0,279a7a5f-4f4e-42ae-9323-83152a2777c3,3bdf98a4-acc4-4ec2-b33f-77beea8b6f0c
598b9c59-e7d1-4f36-8a9f-c12527275279,嘉義縣-087,9c8d3172-4b21-45f5-a525-7242ee568831,a64d3bdf-44cd-4c19-8b32-95e8813c390b,d92b1a23-c2f9-4a60-8e84-ab01ffc0ec75,3d5ebfe2-fc6d-49c3-acb2-0010026b0a88,1323e180-0967-4047-9739-300afd6969c1,8cdc7c37-6d90-4bb5-9c56-cda5896dcd47,9b2b5bd8-438c-446b-a059-5113e73f89e6
86649fc8-0231-4977-a65d-30a15d1b3b17,嘉義縣-088,c1bf959f-b126-4a5f-b2aa-80e6d981d3bb,cf243d73-de3d-4bc5-92f6-4d508a8f3990,e8e4a337-9749-45c7-bc28-61365f1b8cc9,72b0016c-5e32-4e18-a03a-885f531e40c0,0d47a294-8d4f-47f8-ace1-97789419c4e6,bac6808b-50d5-4876-acad-51b66ba02763,cbd84d57-998c-4a65-9366-49d394068ab7
af760d41-6494-440a-ac40-61d97853dc66,嘉義縣-089,9e0e4108-11aa-4fc8-8307-7db2aad9c4ef,aa4c8d49-23db-4b51-87a3-e9fa524633ef,f33dc769-0b82-4aee-b1e9-774f39474c84,0636a4b1-a9e8-401a-b344-5fe7101168ad,9c4fd4d4-12ec-4e7b-a67e-89b8190c251c,9c208ac5-5255-4783-a3a7-4fb9ccec9c95,a43c177f-8a2e-4549-bd6c-7f03406d56a4
6ec83b69-1602-4df6-a01f-b5bcf94adb75,嘉義縣-090,4091f6a3-61b5-46fe-a877-2b2a68f11cf7,3d782299-f15c-43b5-824d-01ce8fa6235c,9fcd7a72-529f-46eb-bdd8-47549f5957e3,2f421076-5393-42e8-9696-5dd1a102cc0a,0535c928-9c51-4465-895e-6a997bc339f8,2e9ffa3c-553a-4876-8697-6bd0bffde721,44fa52f9-f1e8-414a-9f11-0dcef9763d76
3b0445eb-de22-4f83-8e0c-adc193f2234c,嘉義縣-091,6e37c623-75f7-4260-a36c-ac3472b6bf34,7364f1c9-55d2-4482-8e41-5630fb4283f0,c3103407-26a4-48d9-9bf7-9b6ffb2b618a,681f03fc-2e9a-4cd4-bc47-4e3c7e96b15e,75d6c142-8d21-4af9-be7c-0be8bdb8c508,64487b2e-5f16-40d7-9de8-7bc4b7d1e71d,720bd261-7689-4d82-b7e3-ddfc3e26ceb0
47b38dc4-bd3c-447b-9c8e-2e5efe1a958f,嘉義縣-092,e6a71db9-6f34-4d5b-b1a1-2e8d61936ae8,f6c2d05a-24c3-4037-baf8-1fe96c0261f4,beef6f12-c172-4eb5-b495-dd52409df4d9,3707f18f-0fd1-4e06-b608-1233114f2e8d,292a5b6b-a0bc-45da-9e2e-2c68a1550536,d5b68e36-a097-4fb7-a02b-4ffe8c915cb4,f4228912-14f6-4df7-8d12-6cfd11deb997
d757e201-bf1a-456a-848d-62b805c9bffe,嘉義縣-093,5b7a067e-da6c-4f5d-9bb3-2538e0559fd9,5b3d04c8-a5b2-42df-bb82-7098a965352f,bc6ddbc8-86fc-4857-8c03-748bc8d29cf8,e00fabf2-6f6a-4233-b532-057382abfc18,c741d2df-d02f-4495-bc5e-3eb7a6966cc8,566cb40a-fc52-4915-9326-05c4fdb93e7a,66f4458f-dc32-4e91-8429-b956e10c6978
e422d6f2-3a33-4907-bd2c-0a3964fba374,嘉義縣-094,8883fc2e-b9d5-4769-b30e-8161efee73a2,9066c449-b5ea-443c-8568-5224ac0a6037,d4d7e006-7b59-458e-bd11-45aaf4b39559,483cb4a7-3142-472a-bc76-f099efb1d25c,700d86c1-45bb-4906-abe4-a65721935bc9,77a6edc1-d6e2-461e-b8b5-28563dd5e4d1,7f1eebb4-cbca-430d-afb2-742f439d3f9b
1c3b733a-2253-41f8-83d4-9fbdb949e8d2,嘉義縣-095,e728bb69-883a-4211-8f83-589e06bcb1e9,f83586cc-5216-4a6d-8416-a96718127c2a,5862c610-a488-42ba-bd41-596f7b3e40d0,c1285720-8ca2-43ac-b076-157ff4fd51f6,c9bf36fa-f072-4132-aa7c-5ec35214e5cb,d85eb784-733c-4642-9e77-2ef32a54af96,f48cebe3-340d-47b6-812e-8490748d8808
c8724ce1-6e2e-4fe0-824c-0cc405550c83,嘉義縣-096,58b5d5df-6dc7-42c7-9ef3-8320a2285d2f,5594fd96-d161-44d6-9252-ed0892306fce,b12de69d-8522-4bc1-8b39-77966f61dba6,e4e26252-6a2f-4749-ba23-10e091762b0a,9311fc38-45f1-46eb-a072-5f1f2cd7bec1,546471e0-6ccc-466d-aed4-cbe66e121ca7,6004d4da-3989-44bb-9590-bba0efe7b9e8
4e93b5b3-70f9-496b-9562-b8b3ffaf5506,嘉義縣-097,4e44e7f8-0cb8-4dfd-848c-34f7fbac96bf,4f3c82e6-ee0b-47fb-b00d-5403f03053da,d959401c-d1e6-4ce7-80be-955b6c76ed78,1eca40a7-17f7-4657-abb2-de3bbb0559ed,c408629b-b8b7-4a3d-b313-e59e0bdee724,45fe0079-8704-4a1e-8b50-c5dfd31b951e,572304fc-90b4-400e-ab29-c90861da9b13
416f8a43-fe52-4f3b-b159-8387534388e5,嘉義縣-098,d9ff245c-af60-4305-aa13-0f65483193f0,dbecc1f1-96ae-4257-a71d-a70499de0123,1d624e5e-9acb-4b92-85d5-54c96591c51e,853f7d5d-0490-402e-9c39-daa11e30d20b,ba36a0c5-1309-43af-b303-dec02f0ded6e,c8542709-a2b0-4b29-b0c4-bb81da380432,dcf0efe2-ac0f-4336-a234-66ccf2109e17
454f938c-5dd9-4f0b-bb96-940bb8db76e8,嘉義縣-099,e10e5c1e-0d95-4ab9-b37f-23a869951bf7,e85d5533-487f-4c9f-8973-b4179cd61801,2f5a571b-870b-4645-8cf2-fbc34f2b48aa,b36ed86e-6dc2-488e-8551-f195d3593785,4f6ddb6f-0ad2-4a28-8012-e4789acd8b5d,cda857be-dc56-4621-bd42-c85d41806893,ef919625-0ace-4980-872f-9071434943c9
8b5960d2-b22a-4621-b44e-3470a2661b6f,嘉義縣-100,2eba7522-6664-4fd7-a629-9b80e012e793,2d3a3596-85a2-4fe2-b61d-17990b3c8772,60a76b51-458c-4766-9693-ad86fd6208e0,5085d7fb-bc8b-49ef-acca-d00f9a777930,66fdc2c5-fb48-4f1c-a290-47f9f01dc18c,1e60d445-2496-44c3-9924-a10f14d88cc4,2afa4176-c9c3-49ba-b576-bd85544eb63f
2589b6ff-1938-460f-b817-8e32b949603c,嘉義縣-101,e18fb14b-c2e3-4b9f-8f7c-284417671e2b,ee73d6fd-aa08-4883-9fcd-b4aa9fa43fd1,b8d20bc4-5757-453f-9093-4d5b9a40e29d,e10a6100-0def-4d9c-9fb9-e842b8396bdf,2f99bb52-6e16-42ef-b3a6-1e7677f59036,d2b1d3ea-e4a2-4b32-8b17-5bedfa2502bb,f1075ed4-6f2b-480d-8729-44ab2e6dcd50
d8fc2450-58cf-4570-b2a6-ed934806cdd0,嘉義縣-102,7f56cbdd-cd33-4ef1-841b-1a2f20f02d28,8f3e905e-2eb7-43ce-8c59-bd2ceab29c49,6e5da9ac-02f2-4086-a079-f6799fb014ff,db579b16-554b-489e-8400-d9bf2fb4b989,24807af8-5505-4b4e-b193-ef124a6e322f,751ec7bc-3a85-40c1-aa62-b1308b5deda9,7c89226a-64c7-4725-b445-3886406bdc2e
ec8c2af2-840f-400e-9be8-2ec7ad0e7fe4,嘉義縣-103,dea32a20-a697-478c-8da8-71f1825dae4b,e448f874-1463-4b3e-9bd9-9de3f0bb5498,8d0f1ec7-26dd-4571-8f1c-a26e6fb18b91,c3ce4f14-3482-4f29-abb6-65d01e8ab42e,c2060bdf-5e4f-495d-97ac-50ab6ed14fdf,cb33df7a-c557-4691-884d-d3f30b9f6390,ece314af-44b3-4048-8aef-a4678709a33e
cf480280-d7b5-45d1-8578-d1acbadf4d8f,嘉義縣-105,826f404c-7a50-4fb6-8ecc-9515d8ee9dfb,8fc5e18c-246e-4dc6-8f5d-05c0504edcf3,07227623-65ae-47c6-9f7e-d8d7104c726c,5a438503-7d1b-41ce-be22-cf4225c4230f,44965172-0603-4fd6-ae67-f0fa85c938a9,75c93592-5c9f-482c-a6b5-7166d5fc1d72,7e9cf33e-77c6-400c-ac05-3da2ae19a3a3
630fbe36-59d1-4986-9e61-551e9d9fa6b1,嘉義縣-106,29e72111-c15b-4884-92ce-aff1f2627ad8,2732e46d-c089-4c24-82b5-00491c82acdb,9768b322-426c-4dc8-a61a-0c93458b6537,b409ffa3-8845-4e95-b2ee-beaf35fa2909,54d3901a-c6db-4d76-b271-40f336558e58,15fc40c7-cc4a-4090-9c91-68c0695e12ff,2693f73c-68ce-4765-b126-3eb412a7713e
21ef0d62-f676-4e19-8073-2d2a63516358,嘉義縣-107,7548f262-e068-488c-8380-81f9ca2ebce7,7b5c4fe3-3531-445e-90de-df43187b34f3,f87c7d7c-3d23-44f3-b45a-2e490f78dd1c,dce313fc-2c69-4c85-acda-0d8ba9217e82,cd258d80-77bf-4ba4-97e4-7782b9c29956,69634066-0a6b-4233-b053-f59cbe4ca8af,764030ca-2ad2-4f8c-8624-300ad78de6db
2186d3a7-5eba-452c-aaf4-e22d81ef2e45,嘉義縣-108,aad6dd9e-2fd1-405a-86cd-c2a8e969fd18,b4bf60af-c3ca-4d12-9d0b-f3bfa0bd8b97,4637dc4b-4c57-454f-91ad-62a4b3086882,44e1891b-ed7b-497b-9745-49a7724a7cca,7ba2ee39-07f8-4252-95c8-3bac302c0387,a796cba6-25b5-425d-8c69-21e6d0f6cb12,b6411dad-8641-401c-a598-cd9d339196c3
fea49449-255d-4175-8bf7-ad17720b9a37,嘉義縣-109,9c808f8d-bbbd-4056-be48-897d2ee264bc,a63fb7c4-cd98-4a39-a5dc-f99b8ef8a18b,7e9557ca-60f4-45d2-9648-a59b6a31f6c7,0c4011bd-eeb6-4d70-8fe0-ee30104bc145,cf16a60c-869a-4a57-a644-22c4b1e746fd,8a76f2c8-044a-4474-9254-fb305b71c2f6,997f2ecb-32a4-4b7e-9105-f9854f362dd3
3ecedbb7-1d6b-4483-8340-39a728c33188,嘉義縣-110,8b69f2c2-727c-48e0-9a7c-e7e7e39e6763,9ddcb223-fa14-4083-8a0c-41de614ac4ca,042678b8-027f-4757-b544-691ea5f94eab,9bf8901d-d215-4cbb-9827-0281202db162,63b3ebd0-bf86-4084-be1c-ec13ae02db07,7ad89c3e-2599-4165-bc7e-44c03b8274e2,8653e39f-f6ae-4cf6-99fd-d5837100b25f
45eb20cf-18d9-4ec3-9a85-551685c8fb38,嘉義縣-111,2d09cd89-a20e-4732-8d26-a843f5e9958d,293e0a77-75af-4b73-b048-7e6882258214,ad07d878-bad8-498a-b960-5c7f26076a50,9dac3e7f-93fa-4ed4-a950-f6f64c4fa79c,8e23aa59-2be6-4b7b-b4af-ca2635ffee10,1bd7596c-6cd9-4c26-a959-1bbe3df26131,26b5e02e-ab9b-40e0-9db8-950969871eb9
64055766-50a9-4833-b38d-9248f96a9717,嘉義縣-112,9b3a4a5f-cb82-49c5-984b-8bbd3167cbf8,a53f4c9f-fd93-4c58-b099-eac03b8085e2,316d17c0-3018-45d3-b2d2-9d8af77be9f7,4636b016-2760-4f7f-977c-e4f84671e9c4,8e5b5ff8-dac6-4dbd-a86c-c7cfe4a6f7c0,8a4017ee-16bc-4c96-b310-1f74a4d613b2,96a8f75f-6ade-44d5-ac2f-0a4667113463
02f83cd8-da31-4773-9367-52918d0ac15e,嘉義縣-113,e91d3114-8070-4aba-a449-1177896a3434,fa9139c4-0397-4153-b95a-063e539688e0,2931d02d-2ea3-4a8d-b049-08e5b2948210,a5f46c35-6bc4-4b36-91b7-7f80ebc6c5ad,d096fa9e-aaa3-4568-8016-db761a7d6d9c,dc882fd2-c809-48c0-9575-44b24880f3ba,f7c07f6c-4ced-4b97-a17f-0af5ca5ffb7c
7034f59a-130a-464c-abae-d881c6a504a9,嘉義縣-114,a9d60129-656c-4f78-876a-aeab8191989b,b1949d00-c7bb-4cf6-9ae8-297ebb29c2a8,bccb345e-0132-458a-8d71-2a7bfb6c57cd,c184c27d-713c-4dfc-90da-d9033376e63d,0d34a691-fc71-4103-b383-e1a8d1f7bfc0,a696df42-196c-460b-a976-27d46fc34540,b0ba4cde-1fb4-401b-bdb2-02c81ca07bf4
436fad1f-8639-4d53-9294-ff40712085a0,嘉義縣-115,363a7330-6602-4e58-b785-9e5bc0ea06a8,31e0ef38-7f05-49bc-847b-b88dadbd4e18,c133afee-8bc7-4753-8984-cc4d9a842a34,1ff4abe9-c0bf-4e73-a583-7baad3c11bcd,614b4a9c-f229-44ab-96a6-d7f51368e909,2510f4ed-79c8-4547-b5ac-f1336984440f,3a94626c-3383-4124-bbdf-df822a538203
af96a3d0-7880-4457-be28-5b81f5cfa584,嘉義縣-116,8e013318-ecef-4099-80a0-b24afc9555b7,a04a5ecc-7c8f-451e-b171-276940e57c6e,e5ee9a45-017d-4e07-93c6-0db401dfc438,1004071d-8014-4313-9b5a-e16d68516e4d,c04e3b03-bb25-4e64-8394-5b1fd58774ad,7d23202e-2ed1-4344-9d86-28f409f12583,92c3ac01-4e42-46ec-b856-9da4d0315eff
65105bdb-0e5f-469e-8c0e-3f211c563dac,嘉義縣-117,0d064ab1-56c9-4449-9374-9f5c042b5ab7,121e240f-4ef0-414f-bbec-10e39053af33,57213e0d-0965-4615-9e87-ebc44241bcc0,acc8e06b-ec56-49c6-a8fb-9863fdeab2c4,6ed751fd-ad31-4a4a-bc03-e82f0c5b26d1,0ce3d76e-c278-4955-a2ca-af2741132690,122d7698-670a-4625-b21f-727d2a65d75a
4b475b8a-8657-4326-b962-79cec9033d84,嘉義縣-118,53dca308-7ce7-4e65-b63e-9a2798486ab9,51d31862-3523-4acd-907c-717b22d16ea5,d3ac9c83-bc71-4274-b4ad-0cfc7564fdf7,583cfe46-a403-4e8e-9d99-12f9e1e72197,524709e7-9378-4ea3-bc67-d4a1b6af101f,4c2311ed-14ad-4686-98c2-de6e50356e22,582c44e0-f173-4d11-82d0-18369154541b
cc4b53f7-c050-4af3-a59a-7baf31747e42,嘉義縣-119,cf9fc02a-6fcc-43a7-9c57-bae9314be48f,d3f65082-ddb9-4f41-94db-cd1712cd9455,2849bbbf-1ef0-4e36-aee2-31f6657e049c,d98fcad2-8b0a-4389-871d-b7863ede3261,92c7d06a-c486-4e07-a1ab-c61d6a515339,c402abd8-b309-4084-b47c-8fa51b908720,d5a122e9-0e96-41a2-a592-df29d6487201
4ec09746-3694-4f0f-831a-42aa30bf567c,嘉義縣-120,7bec05b6-f9d4-4e6c-b08e-6c9c2612932e,813199a1-f35e-4592-8c67-d4c13c93053d,5e43437b-b961-4aa2-82b9-9cfff624ffd3,75aba4cd-4bac-4ec4-8493-31cf3dfaeafe,9b574816-a2ca-4abd-b23b-562d4ec4a61f,6abea496-351c-4c65-891e-65ace814e8c1,78dd4845-fdb5-4bcd-b41e-a56b928fd084
a25b3581-d0d7-4a87-ba9e-755a4619788d,嘉義縣-121,ab056a47-eba4-420a-b8a6-24ea0125d87c,b4db46e1-b561-4a39-a164-bcdc0b3b5ff0,9e832565-ea2f-4a6d-b242-5ace1b77115e,c12e4ecd-7b29-459f-a1bc-7b70e4923c9b,a32ed78b-ace3-44ef-a92c-8d1c15716f38,a7caf168-c8a5-4b13-a8cd-a46563c26d45,b7fd6a28-a00d-4a35-8c1f-2aed283ad6c5
2814a499-b139-4fca-b242-6eb43a9f3b77,嘉義縣-122,bbac7f53-32e4-4e42-93ba-956931a64c54,c22f4002-b40c-412f-8296-8b6b8ab0b5c6,ae4305bb-ac74-4e99-9bf1-847e831ca19e,230aaf71-457b-4f3c-9fc6-c9071204c491,de561cc8-a7c3-4247-8ce3-03d1b801f8e4,b56fe1a9-e95f-4020-864b-561a3cc696e5,c7a37ff5-6ad2-4b50-af9c-ae2abb20a7a8
4c115ac6-5731-4c59-8c63-20271ea74f42,嘉義縣-123,38186e89-bcb4-43b1-aab6-ccc0d0770ac4,36f26269-9673-4755-9bff-fb58f6fe3c63,dd5fbcff-1124-4c45-9270-810df95db7f6,73bcde99-3b07-4572-8a2e-9f01f1ac9e7f,6c33442f-7ff8-41d2-aa32-56a7fa51b73f,2527f067-96fc-499c-aef1-5a3b1f5c4e3b,3b42493b-bdc5-4c4b-af3e-ffa98b09db10
04f4144e-bfcb-4a13-89c6-ad65084da59a,嘉義縣-124,5d8f4ada-2c1d-4e30-86b6-8df9c2b45bda,5ca22475-8aea-4695-9a87-5610e76ebb96,17b5f823-c2ae-4f77-b3e8-fd1892be1af4,def65756-201b-4554-8e3c-7775307ac912,81410aac-de61-4fc8-873e-f19ab25c6220,58efe2ae-74cd-4972-af9d-f67991a66d52,682d66c6-ac3d-4972-8ea1-65e4a5998e8b
b53d1eb4-1ba7-4e46-acaf-13baeafbd65f,嘉義縣-125,67257c86-3c97-4b42-9f99-d8fb7a3e84e3,64b6291f-c14e-4bcd-a3df-0076ed6859ee,a4e18ed9-7e9c-4653-b752-4d444e53ed18,fb79977a-a2e2-42b1-8b13-2237f039d49a,5479b57f-35f3-46ff-89fe-93c224ab0e63,60ef9381-9dd0-4e1d-8a5b-f0e4cf9fd4ca,6b001348-e18a-4a51-afaa-62f4ea01cf6b
bd77f9d4-90e4-407f-9fed-f6b5fe0ffc77,嘉義縣-126,ecd04884-7e25-4ff2-b5a3-915b0bb81d54,fcbec919-a6c5-46a7-a6bc-beb4acded69e,97bea2d4-6f9a-44e5-8dc5-c10397303eb7,73b2630f-1b5f-40bc-9e1f-00758eecefbf,64c9a4ba-7255-41bd-9f26-a9187110aca0,e27ae773-bfb2-429f-94f5-1647802202cd,fccad54b-5b55-4ae8-9b30-69aa296fd6ad
820a4613-ac87-46df-b95a-b342b42096ef,嘉義縣-127,1f6680b8-2e4f-4870-8387-8daf8a916a93,22af3634-02ad-434f-9abf-fa1e77283365,4b292ee2-91db-4e88-86bd-703f71579b11,dc01aeb4-f0ef-4271-a0c4-a00630763ac0,28969cd2-4fef-411e-a453-7c1fe6913be9,1018337e-0350-42af-819c-f70e7fdb465c,1fe9d032-eabc-4942-a1f7-f9d5d99df28d
8ed8e0e8-4869-47c4-8d3c-7748761b5a50,嘉義縣-128,25e3eb7c-c173-47e3-8947-cd915da23505,252997fb-eaca-46e5-91cf-cf11b96c079d,8b606819-81cc-4407-94ab-6cd36fe87cf0,57ff570f-5769-4e39-8716-9551fc217df8,1f3cdd8a-e963-4c47-97d5-e4360409bc82,123fbc08-5155-4260-9a49-3a17279545ea,2565d0f7-aab3-4207-9704-74756a977cd8
5541e5d1-92c6-477f-bf17-69d99ab88677,嘉義縣-129,c1afcd9f-96bf-41a5-ba25-af04f6124ba0,c7b58d71-f471-43b6-a03a-89efda93f6db,ecea1586-1544-498d-909d-309e364b5999,d99d5429-e281-4a3b-9f0c-e9a1e1f46c57,bf56c001-4048-42e2-a4fe-4ceddce34518,b8f18116-35ef-49ab-a2b2-b388f55cfe10,cbabc3ac-27c1-4653-b774-c72820938fcb
09a3a388-7c33-45dd-95b2-4fae380e1b77,嘉義縣-130,e47378a4-3627-4ec0-80f0-ffe5e20390df,f5bb8105-afac-470c-ad4a-9be7e7a03369,2624ff50-31d9-478c-9274-e3a2c1f2ec1f,974e5176-0fd1-4865-8414-ae320e9bd2c9,ca9617d2-63aa-4859-8f3f-e1ca59cc5933,d4eb9dff-e308-474e-bf30-7cb256e2885f,f41bb391-1407-4ec8-90da-8841729cdd42
c6c3ce21-3bb6-4421-90bb-b4f3a9740896,嘉義縣-131,46b9f748-6eee-4109-83b6-cdf27b7c2891,41a9f988-d596-4dfa-a163-4e48370702b3,a6b66404-1f8c-487d-9b95-a5db7fbea8f1,a91317fc-9630-42f0-ba6a-61fb53776110,c2f7f5c5-9672-4824-938d-14f2dccbe236,3e913674-1642-4421-9d63-d931f2f385ca,4835e7b0-1c3a-46a1-8a87-e88d6dcc2fb2
7975bf6c-206d-4d28-8cce-c240db319449,嘉義縣-140,61be3cd6-3bab-4ee7-aeee-96ec097a776b,fba0af89-f2c7-4253-84cc-a93a975c94ce,e459bb4c-bda7-447f-ad19-ff8c172f5837,2c68ffc8-aeb2-44d8-9bb4-e5f0993d0b41,4d590d11-fa5f-40dc-8256-d5fe138b3b22,295ee57e-71a5-43fe-80b6-32621bf2287c,15263818-bd94-457d-82aa-04d157089316
5b8a284d-b5cc-40c4-b6f8-498bd1a65f08,五河局-113-01,349c0dbc-2b33-4551-a375-0a09ffea093e,d8a84565-d8b2-4c0b-8ea8-b9718f3ebf27,9ea52112-6a1f-4b9b-9d0d-815511b34a4f,,802ec3ab-58f3-47bf-90e8-632636589ce8,,ded9e78b-dc1a-48fe-aaf7-f39b38e35ac4
52362183-2937-4242-a8df-48e035b63a76,五河局-113-02,85a14f17-99ae-4c85-a20b-dda42eae0ae0,3d0609f0-1abd-4360-9048-d4ef039784d0,331a9723-9be1-4e40-9038-2eafc96e717e,,3d59ec53-998f-47e8-9755-be084281dc7f,,72586dab-c315-4554-b8d6-fa8ee28750bd
104042e0-c93d-4a4c-a873-d6d090fbeb8a,五河局-113-03,1216cbb1-099d-4536-a1c7-0cb33b8acd16,3f5981ab-1005-4274-93db-511d5172bf32,bdf3a8c8-f5aa-4d56-a219-388ecffb3637,,8327089d-3323-4009-9185-7a8e4cab7d8f,,5055b0a2-721b-4ab3-963c-c6331c85b56c
c4e2aaac-0e62-4aa8-9404-52334e82df69,五河局-113-04,dc93eea1-ead1-4191-84b8-0dd0bb25badc,cc82b486-c965-4466-8d4b-a2f13df822bc,e18ddad0-01fb-44aa-94d7-8fc143063307,,b4ee8c35-bdfe-4e25-9457-f0b7f510c019,,b6ada17d-763f-4c6a-b71b-2a9261472b21
80094ef7-5057-4b6c-ba50-2dd8a56498a6,五河局-113-05,943dbe89-5e78-4d64-aa1c-210be6d06fc0,42208bc6-a6df-40a5-9329-fda608175fff,fae45f04-98bc-41ad-92ae-83182d1709ea,,f7bf9b3b-0926-4c39-bcf0-79be833fc816,,af3132fd-2695-4cdd-bc78-810f25b8fe10
c343218f-bb6c-4e14-b455-c506f528dd22,五河局-113-06,1315831a-0869-4b26-89b7-29cbe3c9d25c,722d111f-62ce-4f1a-b5f2-4dbad8ca17df,497e2a77-6059-4770-a43b-df8832b4afd4,,f7ea787a-29f3-4036-9af9-5ca00255161a,,2ec62e49-992c-4630-94c6-6d25d4cd2483
41654147-d1f9-4865-9aad-f6991dc66271,五河局-113-07,9b3ec5c8-79af-45d1-a16b-eb268f19f303,83924091-7c94-4cd7-99ef-c5d20ab8e2d8,ca9e128f-72e0-48f8-ab88-f6a7064a6520,,f7f6735f-b52c-4c1c-ba0a-5077fb2218ce,,5cdc4d88-1493-4517-9574-24b51b70f554
8cd51662-e1e2-415d-9ee1-c4798f8f2829,五河局-113-08,e794e62e-aa8c-4971-8579-836602c661f6,c7357283-2b1c-4d86-8cd0-3e39ce5fd811,7aaa1578-cf6a-4e86-97d5-79863d00ffbf,,210a6bd5-3ac5-440d-a58c-9e69741a60b6,,34fbe1c6-28dd-4079-90fa-d505b855925c
3d95675a-60f3-483e-8b70-ef8a7e7df069,五河局-113-09,03db07ca-e58a-46b2-a46e-8bb1aeef50bc,42be3680-70d9-4197-a12e-31a9bf86bfd8,c238f162-c1c8-4604-922d-40ec60e68d47,,cbf2b626-8fd9-4c71-897a-e9aa83911d57,,54f7360c-366e-48d2-9d65-a5ae920ce64d
ba3f98ab-f559-469e-92d0-466995d5ff2a,五河局-113-10,c5e9b019-e1bf-48e6-9213-780f3204bf14,97fb3e5b-3f7b-4a62-b11b-6913417574af,62005689-526b-4366-b531-d9afd3e6c54e,,afd2373b-932d-481b-869b-967d9a558391,,f06017ca-87c8-473a-8a9c-4eb5bdaf3a58
f53f3f68-10f6-44da-b5e6-fef0d4507584,五河局-113-11,bf1acb2f-9f71-4ded-9137-b69695bc2a58,6107ecb1-0901-4ede-b043-f87be8fbe631,451a5487-c25c-4c70-9552-6e7e393b3078,,979f1934-89f4-4c84-8897-635d51ad7b36,,7fa9fa81-2334-41b4-adeb-b5fbc89e941d
56ec14e2-51ef-4225-bafd-69a4dc3a08f6,五河局-113-12,033ceaea-5339-4949-9539-8e8885e37768,bcb18e6d-5618-47d3-a834-3527733f3e5f,e1cd7711-ac33-405a-b3f9-0917d0d6df0f,,d79707bc-bcdf-4e5b-9c00-570e6f1e6c8d,,0e5d31b7-c188-4233-bb5d-6d2b86bf579f
254af005-0617-493a-985e-9f3c1f69a557,五河局-113-13,f955b442-9771-46cc-aedd-4d5310c91f1d,9aef74f2-0452-4289-8339-6a0679304836,7d1e71ab-6245-4929-adfc-d2681b454282,,a65fcf3e-c218-4da9-a4ba-3f67cb6f3cf7,,2f69590b-a6eb-4123-848c-c230d0e81f36
59193400-7524-4d92-b8b4-343d2b7e3e7e,五河局-113-14,77ac32ab-0f84-43c7-8e04-399ba91e9a06,33dc783d-d3bc-4c40-8e1a-efdd889f14f7,abe04780-67a7-49f8-b73b-7c208577454d,,918330a6-6484-4359-91f6-75bec0373a2c,,31fcf8af-8a2e-4706-a749-c5ba6862d0ad
d3ebd97a-48c3-46c2-8746-16a00c7a7a14,五河局-113-15,e093db43-a05b-4e37-b393-76d4a5c85205,ad078501-4e56-4347-8329-a609fff9ebfb,a86e6025-714a-49d3-ac65-22d721f81d7f,,06441e89-d1ef-448a-84b1-813a9846c3aa,,f98ec521-3eef-4489-8d2f-b0f9ea2a4ff3
b3755651-6710-4ace-be8d-591618b70568,五河局-113-16,6c6bdc50-8fcc-401f-b4c0-a40566818184,7c574ea2-9271-491d-a0ac-2871bcd3cb36,a99ae7ff-ae12-488d-8eaf-cb991e1b0825,,767183d6-b58a-4aa2-bcf4-243407bc02f2,,bfc06c3b-0e2d-4afa-8618-badba62721e2
e2deaf8e-6142-49de-b0d1-ea15624807f4,五河局-113-17,9e1ebe7d-b448-4a02-a180-62d688ecf382,75bd001d-e0f2-4b98-8225-6955c865c2ce,ded4df5a-09bc-48a1-b603-cc19709127f0,,d0970e52-5426-4913-a426-7adb15580958,,4b4c603b-2f4c-40f5-ac81-3aecaf0a052a
682dd829-ecc0-456d-aa40-6415bb97601a,五河局-113-18,a2064035-2995-4f2d-a258-484844990739,2dfe7156-5db5-4fe6-85a5-ee6f2c8dc5bc,676af224-3212-4b6a-b24f-358299b5f8d3,,8b50f0a4-bdcb-4234-8af5-8a4dae3f0ee4,,093ff787-8982-4b9f-b6cd-b64d6c8c26e2
9658851c-7e58-4b27-bef4-0124413b3363,五河局-113-19,277aca75-787d-4335-9b6f-51f6b1f4dd39,172c4883-44dd-4903-8b88-56130d241b90,e676a472-e06f-4d70-b5c2-af56fef81efc,,7cae67f4-b784-4009-b596-82d383907cb3,,0a50265d-695a-4460-8630-50d35133f5d1
a0a6c7e1-21cb-4488-8193-c368163b72cd,五河局-113-20,0d6721b0-1826-4460-a48e-69db9adf7bb4,b7f5966a-60be-4731-983e-98db306b861c,c64ad0f1-840d-4fc1-b0ad-ec33a34f5cea,,3c41603e-57b6-4d3a-892c-232421561fe2,,da21088d-43ff-45b1-a6e3-e5c26616d2a9
247a7e86-c49b-4024-b4a0-2584b2c8d61a,五河局-113-21,b1d1d956-2555-41e0-a345-43da96ff1018,2bfddb96-e710-4ae2-b178-4745cd5d86c1,b87df710-5f4c-449c-9587-b78f3c524ab7,,5fa6f858-7df8-4675-8c14-6a6347de0dc0,,bd3c2190-0a0e-4979-90e9-5bb66b911095
d8eecd33-efb0-4059-be7e-0c81445e0994,五河局-113-22,4c8aac86-0fe5-48df-980e-5e828bc9cefe,9757a3e3-361d-4097-b9d5-dd0cdc7521b4,4c12a66e-4e4f-4489-9e52-5cde9e53c3e1,,46f6001e-b7d3-4da4-9ad6-0a3cb1cdecb5,,7a33a0eb-d16e-4da1-bd50-208d0c75f8b7
b491ad55-8fc4-418a-8899-4685009c72b6,五河局-113-23,dc51c9f2-bf76-46b5-9d0b-4a8dd95fb8bd,5867aefb-7469-41a8-97cb-9c11e6ab2647,a585960a-a78d-4d24-bf7e-3255a23ea9ce,,157573de-60f4-4409-8133-fc6499401035,,8716dacd-5855-4bad-a68f-1db12eebf495
4fe4361e-3912-47fb-99f4-6032054a5a89,五河局-113-24,121b2ca3-92bf-4406-a197-e63458b80e37,2c25a24d-46bc-48d5-b85e-45f2549652ce,2369fb63-440d-415a-a4ce-7c63b7a284e5,,e67090fa-7ef4-46df-bc09-cd255df48330,,7d825309-4e92-481b-9387-f7dba3009f90
de3cf73b-46ba-45e8-b394-327e9aa606cc,五河局-113-25,3649e829-5291-4cb3-a495-7e8a8c07aaed,0de15da4-b3f7-425f-8799-34f0cd039ad9,4766cee9-5888-4179-9755-325a4535fa97,,19059e19-267b-4a85-861f-cd405c182eec,,d0033fc7-3407-41c4-b588-e7a0c9958736
e41bd3a9-3646-4306-abe7-d50602d7b2e9,五河局-113-26,5fe60381-70c9-4012-9a38-33d9b0e9ad34,99c8a9dd-1832-476b-97bd-39dc8c80ba6a,d6c9b4a8-0fd4-4970-991d-a13c429d3438,,d2d37b06-7b7e-4435-ae36-904ba0d2efc0,,b4d2ad1e-d35e-4a11-8557-ed62c6f79c97
bde082d3-8a1f-4d71-89de-c89fb6afeae5,嘉義縣-104(Cat-M1),e04b1257-2521-4154-83e1-0ed71b5a9bc0,f608b743-4661-4a4b-8ae0-66f41ecc4197,cef4e9e8-ee87-4c35-814f-0da88fb04f92,dbfb12c1-46e2-4259-9371-dc14a0a520fe,008b6d17-c764-4f40-abc5-bffa815440a5,73e1df81-41da-409f-9619-d2ddb72255dd,4f499d46-cc37-4c32-8a07-6e9faa14a208
8b629ff6-f934-43f2-9255-72b4fea48092,五河-358（嘉義縣-141）,015c8609-f0f5-4588-bc84-300510b54605,d12927c2-4425-4c04-be81-395ebb554d65,2a99ca6c-eef5-4a33-9c2e-8002bcb3a68c,1559f541-0616-4085-94cd-0bcbb63d3a3b,1ac9d421-8295-4eb4-aae7-6298bf13709f,687e53ab-09ba-4bbc-8e5b-1e861c778eec,76930f83-31df-4771-9b40-524d22dc2287
85aa8a99-f95e-41c8-854e-1c171adee0fd,五河-359（嘉義縣-142）,9953a295-a6a5-4c65-bec1-a90beb7b1b0a,e03635b0-a073-4eac-a46a-97f5c3d50a06,57d0a444-795f-4bbf-98dd-df772c62664c,d4ef7094-abab-4710-b751-ff3bff8fffc3,7ccb54d5-6522-47df-85b9-a6ea790ff343,c9f4516f-b119-49c0-bc28-6f8fb969e17f,2f292658-f2d3-4d9a-8903-a4926c36cca7
f3efd814-c116-4e0f-b6ac-88f33f4e2e17,五河-360（嘉義縣-143）,4f4d5ea7-7753-46e6-9089-0203bf357911,aa7a1ad4-cefd-4f43-b723-50d4f9ec5d3b,3b9eafa9-5615-47a7-a29b-90126bfcf6b9,bbbfa869-7d01-4d34-bfeb-e473f07777bb,1a1e058c-9c45-45e1-82ae-0a8737979542,0ff4b3e3-16ee-40cc-a5da-c304272492ec,bd97cc16-a544-473d-aaaf-6416bf46efac
a35f089d-96c9-4e26-87d4-cc679d083a8f,五河-361（嘉義縣-144）,60270237-8052-42e1-bb1c-fc0855a54b9e,1886a4ed-6dc6-4f46-b3f8-9cac88b771c8,b14a9f25-3532-45dc-b02c-73417dd0c5db,9d28ef14-4310-48af-8d5a-cdc416669f0b,cfcd73ff-8689-440d-9333-710db217cbb2,89fdadee-2345-43d8-b092-5579d3ed3a62,7ba369fd-eb18-41e9-81b7-925c3b6ef715
465419cd-d9b0-433d-a6d8-47f5564b688b,五河-362（嘉義縣-145）,ba6499ab-78c5-4356-bb26-7623ab1fbee9,0344e187-509a-4f7a-acf6-66aa3cca96d9,71d2d9dd-cd82-4491-8b5f-7b33d2ef567a,ec2af3cb-0a7a-4361-9895-3c58740df490,7231be4a-c3c7-4209-b56b-cb0d414d9a16,5e15390c-2923-4307-9518-c5a48646e48d,515e07b3-84c6-4117-aa58-7bf21a83d6a3
39361133-4cc6-48de-a4ad-c7d9f928c67c,五河-363（嘉義縣-146）,d4f03155-ba7e-4521-bb58-35b6ba49f72f,105a5b23-b4b7-49ca-8dbc-ecfb23a78a76,6458a747-41cd-4e3c-8daf-7cda49003bd9,4c250455-1680-47e6-a5c8-64772724052c,c6c9757b-b692-4773-af79-805bbc98c40c,dd8e8e0b-55d0-49f9-9149-9302a7b93c4a,3816abf6-8814-4f12-86a4-51eef56dc5ea
2d48e216-65fa-4051-b5e7-25e43b86b033,嘉義縣-132(五河-312),df769d70-f308-4bf8-bdc0-0fe45d68f6cb,14a65a41-8425-45df-8ea5-0d106ec5e0cd,f2747747-37f9-4df8-856d-0036740f7517,6c1fcccc-d9ed-4dd8-b9bc-27850f5835ae,868bc097-fcac-4fae-9325-9c65ca14cd08,01d47b9c-a917-46a4-bcb7-166bc31bfeec,2935abc0-ce61-4967-8dd8-0c2669f4f186
8266e414-ad01-4448-8240-dec09a8ab179,嘉義縣-133(五河-346),3b8e809f-6d71-4e32-a4c5-e0cdec9c1873,014e2b73-2568-48d7-ad3a-afa6f30e3bcc,4ad5963d-666a-40b0-9182-e4da27a43beb,af023610-4f69-437e-b09b-7cd560beca27,90d90118-65ec-4d54-a82f-9216e4d171c9,e3b842fe-17be-43ac-9abb-b6340bb8c731,2c9833b4-c295-4e2e-b0d1-edbe9feb03cf
781c353e-7a66-4ec3-8ddb-3054a8406d41,嘉義縣-134(五河-347),fe5deb6e-ed40-4412-a6b4-f5bd8575f759,33692b16-f6a6-47b2-a88b-227516864d50,1e2eccc5-c601-4216-9f03-90cb7cb98dae,5e0b6ee3-803f-46e1-8e5d-652f0445a3f2,98733be5-bf92-4ced-8bb3-71b66b3e074c,486a0ab9-b9d7-44d2-bc82-0612ba046efe,d5e22a2e-6549-4ab5-91a6-5c1f5447c169
0e900409-848f-4360-a9f1-564860fb47d1,嘉義縣-135(五河-348),89d15a78-3534-40d3-9c4a-afac66d96a88,2a64d9af-1370-4303-8af3-1b48a7e4e4b7,205494d9-b82e-49a2-995e-0600f29ad29c,9f133283-6846-4443-8bec-e6a981b15eb3,f61f7a5f-b7cf-49e2-ba14-02cf32eed276,c4860b3b-eb4d-4442-a06d-a3ec71cce420,0e97bfc1-97d2-474e-917c-464a90fc998b
edcb2594-47e3-4cea-963d-219b7d270829,嘉義縣-136(五河-349),15eedb9c-bc16-4bbf-9276-3117b0ae0374,092ad5e2-0133-4438-b10e-d848d426f2cd,40d9f560-b8f6-4d47-a678-d40ec4512c55,ddd63193-1f20-49ee-b639-f97b8aa4f580,32722b48-5768-447b-a1f2-a1dbb76ecee0,fe47555d-2966-4309-8a9f-f4a7444c7b84,2fd1edba-6a33-458c-9b1e-4ecd8c86231e
e85d0adb-2b53-4d57-b5bf-fa67518dd029,嘉義縣-137(五河-345),5c52ae66-d73c-41e7-b702-0645f9df183f,7288883f-5626-42a2-bbc3-8eaf3507dc20,8881ea58-a5b5-4912-abd4-7e778f3cab26,2552dcea-5f95-4355-9277-e6b0b8c7c4ef,a37e1e04-b48c-446c-9171-5648bcde9fca,eb0baaa2-3d57-44ae-aab3-aafea005ac8f,6537fde5-1f26-4251-8a7e-0565bccd2090
3e6dd0d0-a1d9-4bcd-be01-b778a07053e1,嘉義縣-138(五河-316),5631f2a4-cd85-4d5f-8d5b-f7d3984906ad,343e75da-e837-43be-842a-e1f244bd10d1,35f9d8aa-fa79-43ca-854a-19e8211ef149,aeb185ae-a623-4a24-8c81-06e23a44e8cb,bb48dd1b-8ad8-4432-b053-4cfd6f6c60bf,23fda4fa-bc70-42e0-b979-fca65bbd30a5,008c5563-497a-405e-abb4-088a74a3c8dc
104051e7-927f-4ba8-9112-f06ccd8ff6c8,嘉義縣-139(五河-315),9c90d418-bd18-486c-9e52-0a60876445b3,be7f3854-952a-49c3-a368-6cbfb0282ccf,6acb75b0-da19-4a06-9391-dbe55ee32f81,8a4d437d-11ce-4962-a3a2-3c990fdcad04,9ec30083-fed4-4c1a-9b62-bfc200649742,a1454b14-f2b5-47ba-95fa-913e571cb1f2,330fbb16-3a62-4f49-8c76-e2803ccd7f6d
